<annotation>
	<folder>hat01</folder>
	<filename>000045.jpg</filename>
	<path>D:\dataset\hat01\000045.jpg</path>
	<source>
		<database>Unknown</database>
	</source>
	<size>
		<width>400</width>
		<height>300</height>
		<depth>3</depth>
	</size>
	<segmented>0</segmented>
	<object>
		<name>hat</name>
		<pose>Unspecified</pose>
		<truncated>0</truncated>
		<difficult>0</difficult>
		<bndbox>
			<xmin>57</xmin>
			<ymin>130</ymin>
			<xmax>97</xmax>
			<ymax>171</ymax>
		</bndbox>
	</object>
	<object>
		<name>hat</name>
		<pose>Unspecified</pose>
		<truncated>0</truncated>
		<difficult>0</difficult>
		<bndbox>
			<xmin>194</xmin>
			<ymin>53</ymin>
			<xmax>224</xmax>
			<ymax>84</ymax>
		</bndbox>
	</object>
</annotation>
