<annotation>
	<folder>hat01</folder>
	<filename>000027.jpg</filename>
	<path>D:\dataset\hat01\000027.jpg</path>
	<source>
		<database>Unknown</database>
	</source>
	<size>
		<width>1024</width>
		<height>731</height>
		<depth>3</depth>
	</size>
	<segmented>0</segmented>
	<object>
		<name>hat</name>
		<pose>Unspecified</pose>
		<truncated>0</truncated>
		<difficult>0</difficult>
		<bndbox>
			<xmin>49</xmin>
			<ymin>55</ymin>
			<xmax>416</xmax>
			<ymax>450</ymax>
		</bndbox>
	</object>
</annotation>
