<annotation>
	<folder>hat01</folder>
	<filename>000061.jpg</filename>
	<path>D:\dataset\hat01\000061.jpg</path>
	<source>
		<database>Unknown</database>
	</source>
	<size>
		<width>640</width>
		<height>426</height>
		<depth>3</depth>
	</size>
	<segmented>0</segmented>
	<object>
		<name>hat</name>
		<pose>Unspecified</pose>
		<truncated>0</truncated>
		<difficult>0</difficult>
		<bndbox>
			<xmin>314</xmin>
			<ymin>15</ymin>
			<xmax>403</xmax>
			<ymax>112</ymax>
		</bndbox>
	</object>
	<object>
		<name>hat</name>
		<pose>Unspecified</pose>
		<truncated>0</truncated>
		<difficult>0</difficult>
		<bndbox>
			<xmin>273</xmin>
			<ymin>16</ymin>
			<xmax>339</xmax>
			<ymax>97</ymax>
		</bndbox>
	</object>
</annotation>
