<annotation>
	<folder>hat01</folder>
	<filename>000098.jpg</filename>
	<path>D:\dataset\hat01\000098.jpg</path>
	<source>
		<database>Unknown</database>
	</source>
	<size>
		<width>800</width>
		<height>533</height>
		<depth>3</depth>
	</size>
	<segmented>0</segmented>
	<object>
		<name>hat</name>
		<pose>Unspecified</pose>
		<truncated>0</truncated>
		<difficult>0</difficult>
		<bndbox>
			<xmin>268</xmin>
			<ymin>195</ymin>
			<xmax>414</xmax>
			<ymax>358</ymax>
		</bndbox>
	</object>
	<object>
		<name>hat</name>
		<pose>Unspecified</pose>
		<truncated>0</truncated>
		<difficult>0</difficult>
		<bndbox>
			<xmin>580</xmin>
			<ymin>188</ymin>
			<xmax>705</xmax>
			<ymax>338</ymax>
		</bndbox>
	</object>
</annotation>
