<annotation>
	<folder>hat01</folder>
	<filename>000122.jpg</filename>
	<path>D:\dataset\hat01\000122.jpg</path>
	<source>
		<database>Unknown</database>
	</source>
	<size>
		<width>238</width>
		<height>335</height>
		<depth>3</depth>
	</size>
	<segmented>0</segmented>
	<object>
		<name>hat</name>
		<pose>Unspecified</pose>
		<truncated>0</truncated>
		<difficult>0</difficult>
		<bndbox>
			<xmin>40</xmin>
			<ymin>11</ymin>
			<xmax>155</xmax>
			<ymax>165</ymax>
		</bndbox>
	</object>
</annotation>
