<annotation>
	<folder>hat01</folder>
	<filename>000100.jpg</filename>
	<path>D:\dataset\hat01\000100.jpg</path>
	<source>
		<database>Unknown</database>
	</source>
	<size>
		<width>700</width>
		<height>466</height>
		<depth>3</depth>
	</size>
	<segmented>0</segmented>
	<object>
		<name>hat</name>
		<pose>Unspecified</pose>
		<truncated>0</truncated>
		<difficult>0</difficult>
		<bndbox>
			<xmin>190</xmin>
			<ymin>56</ymin>
			<xmax>384</xmax>
			<ymax>272</ymax>
		</bndbox>
	</object>
</annotation>
