<annotation>
	<folder>hat01</folder>
	<filename>000226.jpeg</filename>
	<path>D:\dataset\hat01\000226.jpeg</path>
	<source>
		<database>Unknown</database>
	</source>
	<size>
		<width>600</width>
		<height>406</height>
		<depth>3</depth>
	</size>
	<segmented>0</segmented>
	<object>
		<name>hat</name>
		<pose>Unspecified</pose>
		<truncated>0</truncated>
		<difficult>0</difficult>
		<bndbox>
			<xmin>60</xmin>
			<ymin>126</ymin>
			<xmax>229</xmax>
			<ymax>312</ymax>
		</bndbox>
	</object>
	<object>
		<name>hat</name>
		<pose>Unspecified</pose>
		<truncated>0</truncated>
		<difficult>0</difficult>
		<bndbox>
			<xmin>381</xmin>
			<ymin>123</ymin>
			<xmax>528</xmax>
			<ymax>293</ymax>
		</bndbox>
	</object>
</annotation>
