<annotation>
	<folder>hat01</folder>
	<filename>000260.jpg</filename>
	<path>D:\dataset\hat01\000260.jpg</path>
	<source>
		<database>Unknown</database>
	</source>
	<size>
		<width>1024</width>
		<height>768</height>
		<depth>3</depth>
	</size>
	<segmented>0</segmented>
	<object>
		<name>hat</name>
		<pose>Unspecified</pose>
		<truncated>0</truncated>
		<difficult>0</difficult>
		<bndbox>
			<xmin>275</xmin>
			<ymin>158</ymin>
			<xmax>571</xmax>
			<ymax>524</ymax>
		</bndbox>
	</object>
</annotation>
