<annotation>
	<folder>hat01</folder>
	<filename>000290.jpg</filename>
	<path>D:\dataset\hat01\000290.jpg</path>
	<source>
		<database>Unknown</database>
	</source>
	<size>
		<width>500</width>
		<height>360</height>
		<depth>3</depth>
	</size>
	<segmented>0</segmented>
	<object>
		<name>hat</name>
		<pose>Unspecified</pose>
		<truncated>0</truncated>
		<difficult>0</difficult>
		<bndbox>
			<xmin>158</xmin>
			<ymin>8</ymin>
			<xmax>283</xmax>
			<ymax>160</ymax>
		</bndbox>
	</object>
</annotation>
