<annotation>
	<folder>hat01</folder>
	<filename>000243.jpg</filename>
	<path>D:\dataset\hat01\000243.jpg</path>
	<source>
		<database>Unknown</database>
	</source>
	<size>
		<width>450</width>
		<height>299</height>
		<depth>3</depth>
	</size>
	<segmented>0</segmented>
	<object>
		<name>hat</name>
		<pose>Unspecified</pose>
		<truncated>0</truncated>
		<difficult>0</difficult>
		<bndbox>
			<xmin>134</xmin>
			<ymin>35</ymin>
			<xmax>166</xmax>
			<ymax>68</ymax>
		</bndbox>
	</object>
	<object>
		<name>hat</name>
		<pose>Unspecified</pose>
		<truncated>0</truncated>
		<difficult>0</difficult>
		<bndbox>
			<xmin>248</xmin>
			<ymin>2</ymin>
			<xmax>288</xmax>
			<ymax>45</ymax>
		</bndbox>
	</object>
</annotation>
