<annotation>
	<folder>hat01</folder>
	<filename>000272.jpg</filename>
	<path>D:\dataset\hat01\000272.jpg</path>
	<source>
		<database>Unknown</database>
	</source>
	<size>
		<width>600</width>
		<height>450</height>
		<depth>3</depth>
	</size>
	<segmented>0</segmented>
	<object>
		<name>hat</name>
		<pose>Unspecified</pose>
		<truncated>0</truncated>
		<difficult>0</difficult>
		<bndbox>
			<xmin>241</xmin>
			<ymin>29</ymin>
			<xmax>444</xmax>
			<ymax>259</ymax>
		</bndbox>
	</object>
</annotation>
