<annotation>
	<folder>hat01</folder>
	<filename>000253.jpg</filename>
	<path>D:\dataset\hat01\000253.jpg</path>
	<source>
		<database>Unknown</database>
	</source>
	<size>
		<width>870</width>
		<height>679</height>
		<depth>3</depth>
	</size>
	<segmented>0</segmented>
	<object>
		<name>hat</name>
		<pose>Unspecified</pose>
		<truncated>0</truncated>
		<difficult>0</difficult>
		<bndbox>
			<xmin>328</xmin>
			<ymin>274</ymin>
			<xmax>368</xmax>
			<ymax>319</ymax>
		</bndbox>
	</object>
	<object>
		<name>hat</name>
		<pose>Unspecified</pose>
		<truncated>0</truncated>
		<difficult>0</difficult>
		<bndbox>
			<xmin>389</xmin>
			<ymin>306</ymin>
			<xmax>418</xmax>
			<ymax>343</ymax>
		</bndbox>
	</object>
	<object>
		<name>hat</name>
		<pose>Unspecified</pose>
		<truncated>0</truncated>
		<difficult>0</difficult>
		<bndbox>
			<xmin>630</xmin>
			<ymin>299</ymin>
			<xmax>659</xmax>
			<ymax>341</ymax>
		</bndbox>
	</object>
	<object>
		<name>hat</name>
		<pose>Unspecified</pose>
		<truncated>0</truncated>
		<difficult>0</difficult>
		<bndbox>
			<xmin>655</xmin>
			<ymin>301</ymin>
			<xmax>683</xmax>
			<ymax>337</ymax>
		</bndbox>
	</object>
</annotation>
