<annotation>
	<folder>hat01</folder>
	<filename>000365.jpg</filename>
	<path>D:\dataset\hat01\000365.jpg</path>
	<source>
		<database>Unknown</database>
	</source>
	<size>
		<width>950</width>
		<height>637</height>
		<depth>3</depth>
	</size>
	<segmented>0</segmented>
	<object>
		<name>hat</name>
		<pose>Unspecified</pose>
		<truncated>0</truncated>
		<difficult>0</difficult>
		<bndbox>
			<xmin>325</xmin>
			<ymin>123</ymin>
			<xmax>385</xmax>
			<ymax>208</ymax>
		</bndbox>
	</object>
</annotation>
