<annotation>
	<folder>hat01</folder>
	<filename>000414.jpg</filename>
	<path>D:\dataset\hat01\000414.jpg</path>
	<source>
		<database>Unknown</database>
	</source>
	<size>
		<width>500</width>
		<height>350</height>
		<depth>3</depth>
	</size>
	<segmented>0</segmented>
	<object>
		<name>hat</name>
		<pose>Unspecified</pose>
		<truncated>0</truncated>
		<difficult>0</difficult>
		<bndbox>
			<xmin>50</xmin>
			<ymin>33</ymin>
			<xmax>145</xmax>
			<ymax>133</ymax>
		</bndbox>
	</object>
	<object>
		<name>hat</name>
		<pose>Unspecified</pose>
		<truncated>0</truncated>
		<difficult>0</difficult>
		<bndbox>
			<xmin>282</xmin>
			<ymin>34</ymin>
			<xmax>361</xmax>
			<ymax>134</ymax>
		</bndbox>
	</object>
</annotation>
