<annotation>
	<folder>hat01</folder>
	<filename>000493.jpg</filename>
	<path>D:\dataset\hat01\000493.jpg</path>
	<source>
		<database>Unknown</database>
	</source>
	<size>
		<width>460</width>
		<height>308</height>
		<depth>3</depth>
	</size>
	<segmented>0</segmented>
	<object>
		<name>hat</name>
		<pose>Unspecified</pose>
		<truncated>0</truncated>
		<difficult>0</difficult>
		<bndbox>
			<xmin>250</xmin>
			<ymin>36</ymin>
			<xmax>305</xmax>
			<ymax>93</ymax>
		</bndbox>
	</object>
	<object>
		<name>hat</name>
		<pose>Unspecified</pose>
		<truncated>0</truncated>
		<difficult>0</difficult>
		<bndbox>
			<xmin>174</xmin>
			<ymin>40</ymin>
			<xmax>215</xmax>
			<ymax>81</ymax>
		</bndbox>
	</object>
	<object>
		<name>hat</name>
		<pose>Unspecified</pose>
		<truncated>0</truncated>
		<difficult>1</difficult>
		<bndbox>
			<xmin>182</xmin>
			<ymin>64</ymin>
			<xmax>214</xmax>
			<ymax>100</ymax>
		</bndbox>
	</object>
	<object>
		<name>hat</name>
		<pose>Unspecified</pose>
		<truncated>0</truncated>
		<difficult>0</difficult>
		<bndbox>
			<xmin>91</xmin>
			<ymin>25</ymin>
			<xmax>132</xmax>
			<ymax>58</ymax>
		</bndbox>
	</object>
</annotation>
