<annotation>
	<folder>hat01</folder>
	<filename>000423.jpg</filename>
	<path>D:\dataset\hat01\000423.jpg</path>
	<source>
		<database>Unknown</database>
	</source>
	<size>
		<width>500</width>
		<height>375</height>
		<depth>3</depth>
	</size>
	<segmented>0</segmented>
	<object>
		<name>hat</name>
		<pose>Unspecified</pose>
		<truncated>0</truncated>
		<difficult>0</difficult>
		<bndbox>
			<xmin>132</xmin>
			<ymin>154</ymin>
			<xmax>162</xmax>
			<ymax>187</ymax>
		</bndbox>
	</object>
	<object>
		<name>hat</name>
		<pose>Unspecified</pose>
		<truncated>0</truncated>
		<difficult>0</difficult>
		<bndbox>
			<xmin>239</xmin>
			<ymin>151</ymin>
			<xmax>266</xmax>
			<ymax>187</ymax>
		</bndbox>
	</object>
	<object>
		<name>hat</name>
		<pose>Unspecified</pose>
		<truncated>0</truncated>
		<difficult>0</difficult>
		<bndbox>
			<xmin>348</xmin>
			<ymin>158</ymin>
			<xmax>380</xmax>
			<ymax>197</ymax>
		</bndbox>
	</object>
</annotation>
