<annotation>
	<folder>hat01</folder>
	<filename>000432.jpg</filename>
	<path>D:\dataset\hat01\000432.jpg</path>
	<source>
		<database>Unknown</database>
	</source>
	<size>
		<width>726</width>
		<height>1024</height>
		<depth>3</depth>
	</size>
	<segmented>0</segmented>
	<object>
		<name>hat</name>
		<pose>Unspecified</pose>
		<truncated>0</truncated>
		<difficult>0</difficult>
		<bndbox>
			<xmin>308</xmin>
			<ymin>106</ymin>
			<xmax>424</xmax>
			<ymax>265</ymax>
		</bndbox>
	</object>
</annotation>
