<annotation>
	<folder>hat01</folder>
	<filename>000407.jpg</filename>
	<path>D:\dataset\hat01\000407.jpg</path>
	<source>
		<database>Unknown</database>
	</source>
	<size>
		<width>550</width>
		<height>412</height>
		<depth>3</depth>
	</size>
	<segmented>0</segmented>
	<object>
		<name>hat</name>
		<pose>Unspecified</pose>
		<truncated>0</truncated>
		<difficult>1</difficult>
		<bndbox>
			<xmin>151</xmin>
			<ymin>158</ymin>
			<xmax>171</xmax>
			<ymax>176</ymax>
		</bndbox>
	</object>
	<object>
		<name>hat</name>
		<pose>Unspecified</pose>
		<truncated>0</truncated>
		<difficult>1</difficult>
		<bndbox>
			<xmin>191</xmin>
			<ymin>155</ymin>
			<xmax>212</xmax>
			<ymax>171</ymax>
		</bndbox>
	</object>
</annotation>
