<annotation>
	<folder>hat01</folder>
	<filename>000502.jpg</filename>
	<path>D:\dataset\hat01\000502.jpg</path>
	<source>
		<database>Unknown</database>
	</source>
	<size>
		<width>683</width>
		<height>1024</height>
		<depth>3</depth>
	</size>
	<segmented>0</segmented>
	<object>
		<name>hat</name>
		<pose>Unspecified</pose>
		<truncated>0</truncated>
		<difficult>0</difficult>
		<bndbox>
			<xmin>240</xmin>
			<ymin>144</ymin>
			<xmax>405</xmax>
			<ymax>324</ymax>
		</bndbox>
	</object>
</annotation>
