<annotation>
	<folder>hat01</folder>
	<filename>000544.jpg</filename>
	<path>D:\dataset\hat01\000544.jpg</path>
	<source>
		<database>Unknown</database>
	</source>
	<size>
		<width>450</width>
		<height>295</height>
		<depth>3</depth>
	</size>
	<segmented>0</segmented>
	<object>
		<name>hat</name>
		<pose>Unspecified</pose>
		<truncated>0</truncated>
		<difficult>0</difficult>
		<bndbox>
			<xmin>252</xmin>
			<ymin>204</ymin>
			<xmax>306</xmax>
			<ymax>264</ymax>
		</bndbox>
	</object>
	<object>
		<name>hat</name>
		<pose>Unspecified</pose>
		<truncated>0</truncated>
		<difficult>0</difficult>
		<bndbox>
			<xmin>308</xmin>
			<ymin>148</ymin>
			<xmax>328</xmax>
			<ymax>174</ymax>
		</bndbox>
	</object>
	<object>
		<name>hat</name>
		<pose>Unspecified</pose>
		<truncated>0</truncated>
		<difficult>0</difficult>
		<bndbox>
			<xmin>18</xmin>
			<ymin>154</ymin>
			<xmax>40</xmax>
			<ymax>180</ymax>
		</bndbox>
	</object>
	<object>
		<name>hat</name>
		<pose>Unspecified</pose>
		<truncated>0</truncated>
		<difficult>1</difficult>
		<bndbox>
			<xmin>166</xmin>
			<ymin>139</ymin>
			<xmax>179</xmax>
			<ymax>155</ymax>
		</bndbox>
	</object>
	<object>
		<name>hat</name>
		<pose>Unspecified</pose>
		<truncated>0</truncated>
		<difficult>1</difficult>
		<bndbox>
			<xmin>242</xmin>
			<ymin>141</ymin>
			<xmax>254</xmax>
			<ymax>157</ymax>
		</bndbox>
	</object>
</annotation>
