<annotation>
	<folder>hat01</folder>
	<filename>000504.jpg</filename>
	<path>D:\dataset\hat01\000504.jpg</path>
	<source>
		<database>Unknown</database>
	</source>
	<size>
		<width>685</width>
		<height>750</height>
		<depth>3</depth>
	</size>
	<segmented>0</segmented>
	<object>
		<name>hat</name>
		<pose>Unspecified</pose>
		<truncated>0</truncated>
		<difficult>0</difficult>
		<bndbox>
			<xmin>183</xmin>
			<ymin>85</ymin>
			<xmax>400</xmax>
			<ymax>356</ymax>
		</bndbox>
	</object>
</annotation>
