<annotation>
	<folder>hat01</folder>
	<filename>000586.jpg</filename>
	<path>D:\dataset\hat01\000586.jpg</path>
	<source>
		<database>Unknown</database>
	</source>
	<size>
		<width>800</width>
		<height>800</height>
		<depth>3</depth>
	</size>
	<segmented>0</segmented>
	<object>
		<name>hat</name>
		<pose>Unspecified</pose>
		<truncated>0</truncated>
		<difficult>0</difficult>
		<bndbox>
			<xmin>130</xmin>
			<ymin>83</ymin>
			<xmax>611</xmax>
			<ymax>585</ymax>
		</bndbox>
	</object>
</annotation>
