<annotation>
	<folder>hat01</folder>
	<filename>000585.jpg</filename>
	<path>D:\dataset\hat01\000585.jpg</path>
	<source>
		<database>Unknown</database>
	</source>
	<size>
		<width>690</width>
		<height>1228</height>
		<depth>3</depth>
	</size>
	<segmented>0</segmented>
	<object>
		<name>hat</name>
		<pose>Unspecified</pose>
		<truncated>0</truncated>
		<difficult>0</difficult>
		<bndbox>
			<xmin>236</xmin>
			<ymin>287</ymin>
			<xmax>463</xmax>
			<ymax>569</ymax>
		</bndbox>
	</object>
</annotation>
