<annotation>
	<folder>600</folder>
	<filename>000617.jpg</filename>
	<path>D:\study\project\label_hat\600\000617.jpg</path>
	<source>
		<database>Unknown</database>
	</source>
	<size>
		<width>350</width>
		<height>350</height>
		<depth>3</depth>
	</size>
	<segmented>0</segmented>
	<object>
		<name>hat</name>
		<pose>Unspecified</pose>
		<truncated>0</truncated>
		<difficult>0</difficult>
		<bndbox>
			<xmin>70</xmin>
			<ymin>21</ymin>
			<xmax>256</xmax>
			<ymax>257</ymax>
		</bndbox>
	</object>
</annotation>
