<annotation>
	<folder>600</folder>
	<filename>000676.jpg</filename>
	<path>D:\study\project\label_hat\600\000676.jpg</path>
	<source>
		<database>Unknown</database>
	</source>
	<size>
		<width>900</width>
		<height>675</height>
		<depth>3</depth>
	</size>
	<segmented>0</segmented>
	<object>
		<name>hat</name>
		<pose>Unspecified</pose>
		<truncated>0</truncated>
		<difficult>0</difficult>
		<bndbox>
			<xmin>135</xmin>
			<ymin>379</ymin>
			<xmax>307</xmax>
			<ymax>551</ymax>
		</bndbox>
	</object>
	<object>
		<name>hat</name>
		<pose>Unspecified</pose>
		<truncated>0</truncated>
		<difficult>0</difficult>
		<bndbox>
			<xmin>441</xmin>
			<ymin>209</ymin>
			<xmax>603</xmax>
			<ymax>413</ymax>
		</bndbox>
	</object>
	<object>
		<name>hat</name>
		<pose>Unspecified</pose>
		<truncated>0</truncated>
		<difficult>0</difficult>
		<bndbox>
			<xmin>773</xmin>
			<ymin>96</ymin>
			<xmax>829</xmax>
			<ymax>144</ymax>
		</bndbox>
	</object>
</annotation>
