<annotation>
	<folder>600</folder>
	<filename>000750.jpg</filename>
	<path>D:\study\project\label_hat\600\000750.jpg</path>
	<source>
		<database>Unknown</database>
	</source>
	<size>
		<width>600</width>
		<height>420</height>
		<depth>3</depth>
	</size>
	<segmented>0</segmented>
	<object>
		<name>hat</name>
		<pose>Unspecified</pose>
		<truncated>0</truncated>
		<difficult>0</difficult>
		<bndbox>
			<xmin>160</xmin>
			<ymin>58</ymin>
			<xmax>241</xmax>
			<ymax>168</ymax>
		</bndbox>
	</object>
	<object>
		<name>hat</name>
		<pose>Unspecified</pose>
		<truncated>0</truncated>
		<difficult>0</difficult>
		<bndbox>
			<xmin>287</xmin>
			<ymin>35</ymin>
			<xmax>392</xmax>
			<ymax>159</ymax>
		</bndbox>
	</object>
</annotation>
