<annotation>
	<folder>img</folder>
	<filename>000809.jpg</filename>
	<path>D:\study\project\label_hat\800_1600\img\000809.jpg</path>
	<source>
		<database>Unknown</database>
	</source>
	<size>
		<width>450</width>
		<height>675</height>
		<depth>3</depth>
	</size>
	<segmented>0</segmented>
	<object>
		<name>hat</name>
		<pose>Unspecified</pose>
		<truncated>0</truncated>
		<difficult>0</difficult>
		<bndbox>
			<xmin>223</xmin>
			<ymin>229</ymin>
			<xmax>276</xmax>
			<ymax>297</ymax>
		</bndbox>
	</object>
</annotation>
