<annotation>
	<folder>img</folder>
	<filename>000836.jpg</filename>
	<path>D:\study\project\label_hat\800_1600\img\000836.jpg</path>
	<source>
		<database>Unknown</database>
	</source>
	<size>
		<width>811</width>
		<height>1024</height>
		<depth>3</depth>
	</size>
	<segmented>0</segmented>
	<object>
		<name>hat</name>
		<pose>Unspecified</pose>
		<truncated>0</truncated>
		<difficult>0</difficult>
		<bndbox>
			<xmin>117</xmin>
			<ymin>44</ymin>
			<xmax>686</xmax>
			<ymax>842</ymax>
		</bndbox>
	</object>
</annotation>
