<annotation>
	<folder>img</folder>
	<filename>000925.jpg</filename>
	<path>D:\study\project\label_hat\800_1600\img\000925.jpg</path>
	<source>
		<database>Unknown</database>
	</source>
	<size>
		<width>600</width>
		<height>480</height>
		<depth>3</depth>
	</size>
	<segmented>0</segmented>
	<object>
		<name>hat</name>
		<pose>Unspecified</pose>
		<truncated>0</truncated>
		<difficult>0</difficult>
		<bndbox>
			<xmin>380</xmin>
			<ymin>137</ymin>
			<xmax>408</xmax>
			<ymax>169</ymax>
		</bndbox>
	</object>
	<object>
		<name>hat</name>
		<pose>Unspecified</pose>
		<truncated>0</truncated>
		<difficult>0</difficult>
		<bndbox>
			<xmin>447</xmin>
			<ymin>185</ymin>
			<xmax>466</xmax>
			<ymax>208</ymax>
		</bndbox>
	</object>
</annotation>
