<annotation>
	<folder>img</folder>
	<filename>000968.jpg</filename>
	<path>D:\study\project\label_hat\800_1600\img\000968.jpg</path>
	<source>
		<database>Unknown</database>
	</source>
	<size>
		<width>1000</width>
		<height>1497</height>
		<depth>3</depth>
	</size>
	<segmented>0</segmented>
	<object>
		<name>hat</name>
		<pose>Unspecified</pose>
		<truncated>0</truncated>
		<difficult>0</difficult>
		<bndbox>
			<xmin>255</xmin>
			<ymin>119</ymin>
			<xmax>506</xmax>
			<ymax>450</ymax>
		</bndbox>
	</object>
</annotation>
