<annotation>
	<folder>img</folder>
	<filename>000941.jpg</filename>
	<path>D:\study\project\label_hat\800_1600\img\000941.jpg</path>
	<source>
		<database>Unknown</database>
	</source>
	<size>
		<width>815</width>
		<height>457</height>
		<depth>3</depth>
	</size>
	<segmented>0</segmented>
	<object>
		<name>hat</name>
		<pose>Unspecified</pose>
		<truncated>0</truncated>
		<difficult>0</difficult>
		<bndbox>
			<xmin>454</xmin>
			<ymin>60</ymin>
			<xmax>614</xmax>
			<ymax>237</ymax>
		</bndbox>
	</object>
</annotation>
