<annotation>
	<folder>img</folder>
	<filename>000904.jpg</filename>
	<path>D:\study\project\label_hat\800_1600\img\000904.jpg</path>
	<source>
		<database>Unknown</database>
	</source>
	<size>
		<width>634</width>
		<height>370</height>
		<depth>3</depth>
	</size>
	<segmented>0</segmented>
	<object>
		<name>hat</name>
		<pose>Unspecified</pose>
		<truncated>0</truncated>
		<difficult>0</difficult>
		<bndbox>
			<xmin>341</xmin>
			<ymin>96</ymin>
			<xmax>467</xmax>
			<ymax>217</ymax>
		</bndbox>
	</object>
	<object>
		<name>hat</name>
		<pose>Unspecified</pose>
		<truncated>1</truncated>
		<difficult>0</difficult>
		<bndbox>
			<xmin>430</xmin>
			<ymin>3</ymin>
			<xmax>634</xmax>
			<ymax>180</ymax>
		</bndbox>
	</object>
</annotation>
