<annotation>
	<folder>img</folder>
	<filename>000909.jpg</filename>
	<path>D:\study\project\label_hat\800_1600\img\000909.jpg</path>
	<source>
		<database>Unknown</database>
	</source>
	<size>
		<width>130</width>
		<height>100</height>
		<depth>3</depth>
	</size>
	<segmented>0</segmented>
	<object>
		<name>hat</name>
		<pose>Unspecified</pose>
		<truncated>0</truncated>
		<difficult>0</difficult>
		<bndbox>
			<xmin>14</xmin>
			<ymin>45</ymin>
			<xmax>29</xmax>
			<ymax>62</ymax>
		</bndbox>
	</object>
	<object>
		<name>hat</name>
		<pose>Unspecified</pose>
		<truncated>0</truncated>
		<difficult>0</difficult>
		<bndbox>
			<xmin>62</xmin>
			<ymin>51</ymin>
			<xmax>73</xmax>
			<ymax>65</ymax>
		</bndbox>
	</object>
	<object>
		<name>hat</name>
		<pose>Unspecified</pose>
		<truncated>0</truncated>
		<difficult>0</difficult>
		<bndbox>
			<xmin>102</xmin>
			<ymin>52</ymin>
			<xmax>113</xmax>
			<ymax>66</ymax>
		</bndbox>
	</object>
</annotation>
