<annotation>
	<folder>JPEGImages</folder>
	<filename>000957.jpg</filename>
	<path>D:\study\project\label_hat\VOCdevkit\VOC2024\JPEGImages\000957.jpg</path>
	<source>
		<database>Unknown</database>
	</source>
	<size>
		<width>600</width>
		<height>401</height>
		<depth>3</depth>
	</size>
	<segmented>0</segmented>
	<object>
		<name>hat</name>
		<pose>Unspecified</pose>
		<truncated>0</truncated>
		<difficult>0</difficult>
		<bndbox>
			<xmin>73</xmin>
			<ymin>61</ymin>
			<xmax>257</xmax>
			<ymax>232</ymax>
		</bndbox>
	</object>
	<object>
		<name>person</name>
		<pose>Unspecified</pose>
		<truncated>0</truncated>
		<difficult>0</difficult>
		<bndbox>
			<xmin>269</xmin>
			<ymin>35</ymin>
			<xmax>417</xmax>
			<ymax>196</ymax>
		</bndbox>
	</object>
</annotation>
