<annotation>
	<folder>img</folder>
	<filename>000950.jpg</filename>
	<path>D:\study\project\label_hat\800_1600\img\000950.jpg</path>
	<source>
		<database>Unknown</database>
	</source>
	<size>
		<width>450</width>
		<height>321</height>
		<depth>3</depth>
	</size>
	<segmented>0</segmented>
	<object>
		<name>hat</name>
		<pose>Unspecified</pose>
		<truncated>0</truncated>
		<difficult>0</difficult>
		<bndbox>
			<xmin>204</xmin>
			<ymin>48</ymin>
			<xmax>275</xmax>
			<ymax>150</ymax>
		</bndbox>
	</object>
</annotation>
