<annotation>
	<folder>img</folder>
	<filename>001023.jpg</filename>
	<path>D:\study\project\label_hat\800_1600\img\001023.jpg</path>
	<source>
		<database>Unknown</database>
	</source>
	<size>
		<width>204</width>
		<height>293</height>
		<depth>3</depth>
	</size>
	<segmented>0</segmented>
	<object>
		<name>hat</name>
		<pose>Unspecified</pose>
		<truncated>0</truncated>
		<difficult>0</difficult>
		<bndbox>
			<xmin>46</xmin>
			<ymin>121</ymin>
			<xmax>109</xmax>
			<ymax>199</ymax>
		</bndbox>
	</object>
</annotation>
