<annotation>
	<folder>img</folder>
	<filename>001018.jpg</filename>
	<path>D:\study\project\label_hat\800_1600\img\001018.jpg</path>
	<source>
		<database>Unknown</database>
	</source>
	<size>
		<width>550</width>
		<height>366</height>
		<depth>3</depth>
	</size>
	<segmented>0</segmented>
	<object>
		<name>hat</name>
		<pose>Unspecified</pose>
		<truncated>0</truncated>
		<difficult>0</difficult>
		<bndbox>
			<xmin>206</xmin>
			<ymin>209</ymin>
			<xmax>222</xmax>
			<ymax>231</ymax>
		</bndbox>
	</object>
</annotation>
