<annotation>
	<folder>img</folder>
	<filename>001034.jpg</filename>
	<path>D:\study\project\label_hat\800_1600\img\001034.jpg</path>
	<source>
		<database>Unknown</database>
	</source>
	<size>
		<width>450</width>
		<height>599</height>
		<depth>3</depth>
	</size>
	<segmented>0</segmented>
	<object>
		<name>hat</name>
		<pose>Unspecified</pose>
		<truncated>0</truncated>
		<difficult>0</difficult>
		<bndbox>
			<xmin>24</xmin>
			<ymin>42</ymin>
			<xmax>421</xmax>
			<ymax>538</ymax>
		</bndbox>
	</object>
</annotation>
