<annotation>
	<folder>img</folder>
	<filename>001105.jpg</filename>
	<path>D:\study\project\label_hat\800_1600\img\001105.jpg</path>
	<source>
		<database>Unknown</database>
	</source>
	<size>
		<width>500</width>
		<height>683</height>
		<depth>3</depth>
	</size>
	<segmented>0</segmented>
	<object>
		<name>hat</name>
		<pose>Unspecified</pose>
		<truncated>0</truncated>
		<difficult>0</difficult>
		<bndbox>
			<xmin>113</xmin>
			<ymin>38</ymin>
			<xmax>320</xmax>
			<ymax>317</ymax>
		</bndbox>
	</object>
</annotation>
