<annotation>
	<folder>img</folder>
	<filename>001162.jpg</filename>
	<path>D:\study\project\label_hat\800_1600\img\001162.jpg</path>
	<source>
		<database>Unknown</database>
	</source>
	<size>
		<width>220</width>
		<height>160</height>
		<depth>3</depth>
	</size>
	<segmented>0</segmented>
	<object>
		<name>hat</name>
		<pose>Unspecified</pose>
		<truncated>0</truncated>
		<difficult>0</difficult>
		<bndbox>
			<xmin>96</xmin>
			<ymin>23</ymin>
			<xmax>140</xmax>
			<ymax>70</ymax>
		</bndbox>
	</object>
</annotation>
