<annotation>
	<folder>img</folder>
	<filename>001190.jpg</filename>
	<path>D:\study\project\label_hat\800_1600\img\001190.jpg</path>
	<source>
		<database>Unknown</database>
	</source>
	<size>
		<width>600</width>
		<height>400</height>
		<depth>3</depth>
	</size>
	<segmented>0</segmented>
	<object>
		<name>hat</name>
		<pose>Unspecified</pose>
		<truncated>0</truncated>
		<difficult>0</difficult>
		<bndbox>
			<xmin>275</xmin>
			<ymin>74</ymin>
			<xmax>343</xmax>
			<ymax>182</ymax>
		</bndbox>
	</object>
	<object>
		<name>hat</name>
		<pose>Unspecified</pose>
		<truncated>0</truncated>
		<difficult>0</difficult>
		<bndbox>
			<xmin>411</xmin>
			<ymin>86</ymin>
			<xmax>485</xmax>
			<ymax>185</ymax>
		</bndbox>
	</object>
</annotation>
