<annotation>
	<folder>img</folder>
	<filename>001194.jpg</filename>
	<path>D:\study\project\label_hat\800_1600\img\001194.jpg</path>
	<source>
		<database>Unknown</database>
	</source>
	<size>
		<width>400</width>
		<height>600</height>
		<depth>3</depth>
	</size>
	<segmented>0</segmented>
	<object>
		<name>hat</name>
		<pose>Unspecified</pose>
		<truncated>0</truncated>
		<difficult>0</difficult>
		<bndbox>
			<xmin>4</xmin>
			<ymin>103</ymin>
			<xmax>288</xmax>
			<ymax>477</ymax>
		</bndbox>
	</object>
</annotation>
