<annotation>
	<folder>img</folder>
	<filename>001276.jpg</filename>
	<path>D:\study\project\label_hat\800_1600\img\001276.jpg</path>
	<source>
		<database>Unknown</database>
	</source>
	<size>
		<width>500</width>
		<height>355</height>
		<depth>3</depth>
	</size>
	<segmented>0</segmented>
	<object>
		<name>hat</name>
		<pose>Unspecified</pose>
		<truncated>0</truncated>
		<difficult>0</difficult>
		<bndbox>
			<xmin>225</xmin>
			<ymin>46</ymin>
			<xmax>313</xmax>
			<ymax>156</ymax>
		</bndbox>
	</object>
	<object>
		<name>hat</name>
		<pose>Unspecified</pose>
		<truncated>0</truncated>
		<difficult>0</difficult>
		<bndbox>
			<xmin>55</xmin>
			<ymin>70</ymin>
			<xmax>91</xmax>
			<ymax>101</ymax>
		</bndbox>
	</object>
</annotation>
