<annotation>
	<folder>img</folder>
	<filename>001242.jpg</filename>
	<path>D:\study\project\label_hat\800_1600\img\001242.jpg</path>
	<source>
		<database>Unknown</database>
	</source>
	<size>
		<width>400</width>
		<height>300</height>
		<depth>3</depth>
	</size>
	<segmented>0</segmented>
	<object>
		<name>hat</name>
		<pose>Unspecified</pose>
		<truncated>0</truncated>
		<difficult>0</difficult>
		<bndbox>
			<xmin>174</xmin>
			<ymin>36</ymin>
			<xmax>254</xmax>
			<ymax>121</ymax>
		</bndbox>
	</object>
	<object>
		<name>hat</name>
		<pose>Unspecified</pose>
		<truncated>0</truncated>
		<difficult>0</difficult>
		<bndbox>
			<xmin>37</xmin>
			<ymin>129</ymin>
			<xmax>108</xmax>
			<ymax>202</ymax>
		</bndbox>
	</object>
</annotation>
