<annotation>
	<folder>img</folder>
	<filename>001285.jpg</filename>
	<path>D:\study\project\label_hat\800_1600\img\001285.jpg</path>
	<source>
		<database>Unknown</database>
	</source>
	<size>
		<width>819</width>
		<height>553</height>
		<depth>3</depth>
	</size>
	<segmented>0</segmented>
	<object>
		<name>hat</name>
		<pose>Unspecified</pose>
		<truncated>0</truncated>
		<difficult>0</difficult>
		<bndbox>
			<xmin>589</xmin>
			<ymin>185</ymin>
			<xmax>670</xmax>
			<ymax>273</ymax>
		</bndbox>
	</object>
</annotation>
