<annotation>
	<folder>img</folder>
	<filename>001389.jpg</filename>
	<path>D:\study\project\label_hat\800_1600\img\001389.jpg</path>
	<source>
		<database>Unknown</database>
	</source>
	<size>
		<width>550</width>
		<height>323</height>
		<depth>3</depth>
	</size>
	<segmented>0</segmented>
	<object>
		<name>hat</name>
		<pose>Unspecified</pose>
		<truncated>0</truncated>
		<difficult>0</difficult>
		<bndbox>
			<xmin>370</xmin>
			<ymin>79</ymin>
			<xmax>437</xmax>
			<ymax>171</ymax>
		</bndbox>
	</object>
</annotation>
