<annotation>
	<folder>img</folder>
	<filename>001355.jpg</filename>
	<path>D:\study\project\label_hat\800_1600\img\001355.jpg</path>
	<source>
		<database>Unknown</database>
	</source>
	<size>
		<width>1632</width>
		<height>2464</height>
		<depth>3</depth>
	</size>
	<segmented>0</segmented>
	<object>
		<name>hat</name>
		<pose>Unspecified</pose>
		<truncated>0</truncated>
		<difficult>0</difficult>
		<bndbox>
			<xmin>810</xmin>
			<ymin>704</ymin>
			<xmax>1079</xmax>
			<ymax>1032</ymax>
		</bndbox>
	</object>
</annotation>
