<annotation>
	<folder>img</folder>
	<filename>001397.jpg</filename>
	<path>D:\study\project\label_hat\800_1600\img\001397.jpg</path>
	<source>
		<database>Unknown</database>
	</source>
	<size>
		<width>310</width>
		<height>232</height>
		<depth>1</depth>
	</size>
	<segmented>0</segmented>
	<object>
		<name>hat</name>
		<pose>Unspecified</pose>
		<truncated>0</truncated>
		<difficult>0</difficult>
		<bndbox>
			<xmin>62</xmin>
			<ymin>49</ymin>
			<xmax>101</xmax>
			<ymax>93</ymax>
		</bndbox>
	</object>
	<object>
		<name>hat</name>
		<pose>Unspecified</pose>
		<truncated>0</truncated>
		<difficult>0</difficult>
		<bndbox>
			<xmin>209</xmin>
			<ymin>52</ymin>
			<xmax>231</xmax>
			<ymax>74</ymax>
		</bndbox>
	</object>
</annotation>
