<annotation>
	<folder>img</folder>
	<filename>001349.jpg</filename>
	<path>D:\study\project\label_hat\800_1600\img\001349.jpg</path>
	<source>
		<database>Unknown</database>
	</source>
	<size>
		<width>500</width>
		<height>666</height>
		<depth>3</depth>
	</size>
	<segmented>0</segmented>
	<object>
		<name>hat</name>
		<pose>Unspecified</pose>
		<truncated>0</truncated>
		<difficult>0</difficult>
		<bndbox>
			<xmin>218</xmin>
			<ymin>168</ymin>
			<xmax>294</xmax>
			<ymax>277</ymax>
		</bndbox>
	</object>
	<object>
		<name>hat</name>
		<pose>Unspecified</pose>
		<truncated>0</truncated>
		<difficult>0</difficult>
		<bndbox>
			<xmin>316</xmin>
			<ymin>211</ymin>
			<xmax>397</xmax>
			<ymax>301</ymax>
		</bndbox>
	</object>
</annotation>
