<annotation>
	<folder>img</folder>
	<filename>001348.jpg</filename>
	<path>D:\study\project\label_hat\800_1600\img\001348.jpg</path>
	<source>
		<database>Unknown</database>
	</source>
	<size>
		<width>500</width>
		<height>333</height>
		<depth>3</depth>
	</size>
	<segmented>0</segmented>
	<object>
		<name>hat</name>
		<pose>Unspecified</pose>
		<truncated>0</truncated>
		<difficult>0</difficult>
		<bndbox>
			<xmin>89</xmin>
			<ymin>52</ymin>
			<xmax>197</xmax>
			<ymax>162</ymax>
		</bndbox>
	</object>
	<object>
		<name>hat</name>
		<pose>Unspecified</pose>
		<truncated>0</truncated>
		<difficult>0</difficult>
		<bndbox>
			<xmin>297</xmin>
			<ymin>56</ymin>
			<xmax>395</xmax>
			<ymax>152</ymax>
		</bndbox>
	</object>
</annotation>
