<annotation>
	<folder>img</folder>
	<filename>001311.jpg</filename>
	<path>D:\study\project\label_hat\800_1600\img\001311.jpg</path>
	<source>
		<database>Unknown</database>
	</source>
	<size>
		<width>545</width>
		<height>819</height>
		<depth>3</depth>
	</size>
	<segmented>0</segmented>
	<object>
		<name>hat</name>
		<pose>Unspecified</pose>
		<truncated>0</truncated>
		<difficult>0</difficult>
		<bndbox>
			<xmin>175</xmin>
			<ymin>170</ymin>
			<xmax>255</xmax>
			<ymax>282</ymax>
		</bndbox>
	</object>
</annotation>
