<annotation>
	<folder>img</folder>
	<filename>001316.jpg</filename>
	<path>D:\study\project\label_hat\800_1600\img\001316.jpg</path>
	<source>
		<database>Unknown</database>
	</source>
	<size>
		<width>726</width>
		<height>1024</height>
		<depth>3</depth>
	</size>
	<segmented>0</segmented>
	<object>
		<name>hat</name>
		<pose>Unspecified</pose>
		<truncated>0</truncated>
		<difficult>0</difficult>
		<bndbox>
			<xmin>44</xmin>
			<ymin>296</ymin>
			<xmax>401</xmax>
			<ymax>672</ymax>
		</bndbox>
	</object>
</annotation>
