<annotation>
	<folder>img</folder>
	<filename>001439.jpg</filename>
	<path>D:\study\project\label_hat\800_1600\img\001439.jpg</path>
	<source>
		<database>Unknown</database>
	</source>
	<size>
		<width>800</width>
		<height>797</height>
		<depth>3</depth>
	</size>
	<segmented>0</segmented>
	<object>
		<name>hat</name>
		<pose>Unspecified</pose>
		<truncated>0</truncated>
		<difficult>0</difficult>
		<bndbox>
			<xmin>247</xmin>
			<ymin>25</ymin>
			<xmax>521</xmax>
			<ymax>410</ymax>
		</bndbox>
	</object>
</annotation>
