<annotation>
	<folder>img</folder>
	<filename>001422.jpg</filename>
	<path>D:\study\project\label_hat\800_1600\img\001422.jpg</path>
	<source>
		<database>Unknown</database>
	</source>
	<size>
		<width>800</width>
		<height>414</height>
		<depth>3</depth>
	</size>
	<segmented>0</segmented>
	<object>
		<name>hat</name>
		<pose>Unspecified</pose>
		<truncated>0</truncated>
		<difficult>0</difficult>
		<bndbox>
			<xmin>491</xmin>
			<ymin>37</ymin>
			<xmax>622</xmax>
			<ymax>227</ymax>
		</bndbox>
	</object>
</annotation>
