<annotation>
	<folder>img</folder>
	<filename>001453.jpg</filename>
	<path>D:\study\project\label_hat\800_1600\img\001453.jpg</path>
	<source>
		<database>Unknown</database>
	</source>
	<size>
		<width>1300</width>
		<height>1390</height>
		<depth>3</depth>
	</size>
	<segmented>0</segmented>
	<object>
		<name>hat</name>
		<pose>Unspecified</pose>
		<truncated>1</truncated>
		<difficult>0</difficult>
		<bndbox>
			<xmin>502</xmin>
			<ymin>1</ymin>
			<xmax>950</xmax>
			<ymax>621</ymax>
		</bndbox>
	</object>
</annotation>
