<annotation>
	<folder>img</folder>
	<filename>001428.jpg</filename>
	<path>D:\study\project\label_hat\800_1600\img\001428.jpg</path>
	<source>
		<database>Unknown</database>
	</source>
	<size>
		<width>800</width>
		<height>533</height>
		<depth>3</depth>
	</size>
	<segmented>0</segmented>
	<object>
		<name>hat</name>
		<pose>Unspecified</pose>
		<truncated>0</truncated>
		<difficult>0</difficult>
		<bndbox>
			<xmin>509</xmin>
			<ymin>27</ymin>
			<xmax>665</xmax>
			<ymax>240</ymax>
		</bndbox>
	</object>
</annotation>
