<annotation>
	<folder>img</folder>
	<filename>001400.jpg</filename>
	<path>D:\study\project\label_hat\800_1600\img\001400.jpg</path>
	<source>
		<database>Unknown</database>
	</source>
	<size>
		<width>314</width>
		<height>450</height>
		<depth>3</depth>
	</size>
	<segmented>0</segmented>
	<object>
		<name>hat</name>
		<pose>Unspecified</pose>
		<truncated>0</truncated>
		<difficult>0</difficult>
		<bndbox>
			<xmin>83</xmin>
			<ymin>81</ymin>
			<xmax>169</xmax>
			<ymax>177</ymax>
		</bndbox>
	</object>
</annotation>
