<annotation>
	<folder>img</folder>
	<filename>001425.jpg</filename>
	<path>D:\study\project\label_hat\800_1600\img\001425.jpg</path>
	<source>
		<database>Unknown</database>
	</source>
	<size>
		<width>800</width>
		<height>533</height>
		<depth>3</depth>
	</size>
	<segmented>0</segmented>
	<object>
		<name>hat</name>
		<pose>Unspecified</pose>
		<truncated>0</truncated>
		<difficult>0</difficult>
		<bndbox>
			<xmin>507</xmin>
			<ymin>25</ymin>
			<xmax>663</xmax>
			<ymax>233</ymax>
		</bndbox>
	</object>
</annotation>
