<annotation>
	<folder>img</folder>
	<filename>001480.jpg</filename>
	<path>D:\study\project\label_hat\800_1600\img\001480.jpg</path>
	<source>
		<database>Unknown</database>
	</source>
	<size>
		<width>1300</width>
		<height>958</height>
		<depth>3</depth>
	</size>
	<segmented>0</segmented>
	<object>
		<name>hat</name>
		<pose>Unspecified</pose>
		<truncated>0</truncated>
		<difficult>0</difficult>
		<bndbox>
			<xmin>507</xmin>
			<ymin>26</ymin>
			<xmax>679</xmax>
			<ymax>273</ymax>
		</bndbox>
	</object>
</annotation>
