<annotation>
	<folder>img</folder>
	<filename>001418.jpg</filename>
	<path>D:\study\project\label_hat\800_1600\img\001418.jpg</path>
	<source>
		<database>Unknown</database>
	</source>
	<size>
		<width>564</width>
		<height>900</height>
		<depth>3</depth>
	</size>
	<segmented>0</segmented>
	<object>
		<name>hat</name>
		<pose>Unspecified</pose>
		<truncated>1</truncated>
		<difficult>0</difficult>
		<bndbox>
			<xmin>148</xmin>
			<ymin>1</ymin>
			<xmax>353</xmax>
			<ymax>232</ymax>
		</bndbox>
	</object>
</annotation>
