<annotation>
	<folder>img</folder>
	<filename>001579.jpg</filename>
	<path>D:\study\project\label_hat\800_1600\img\001579.jpg</path>
	<source>
		<database>Unknown</database>
	</source>
	<size>
		<width>957</width>
		<height>1300</height>
		<depth>3</depth>
	</size>
	<segmented>0</segmented>
	<object>
		<name>hat</name>
		<pose>Unspecified</pose>
		<truncated>0</truncated>
		<difficult>0</difficult>
		<bndbox>
			<xmin>264</xmin>
			<ymin>49</ymin>
			<xmax>790</xmax>
			<ymax>805</ymax>
		</bndbox>
	</object>
</annotation>
