<annotation>
	<folder>img</folder>
	<filename>001501.jpg</filename>
	<path>D:\study\project\label_hat\800_1600\img\001501.jpg</path>
	<source>
		<database>Unknown</database>
	</source>
	<size>
		<width>1300</width>
		<height>957</height>
		<depth>3</depth>
	</size>
	<segmented>0</segmented>
	<object>
		<name>hat</name>
		<pose>Unspecified</pose>
		<truncated>0</truncated>
		<difficult>0</difficult>
		<bndbox>
			<xmin>398</xmin>
			<ymin>72</ymin>
			<xmax>918</xmax>
			<ymax>781</ymax>
		</bndbox>
	</object>
</annotation>
