<annotation>
	<folder>img</folder>
	<filename>001533.jpg</filename>
	<path>D:\study\project\label_hat\800_1600\img\001533.jpg</path>
	<source>
		<database>Unknown</database>
	</source>
	<size>
		<width>300</width>
		<height>450</height>
		<depth>3</depth>
	</size>
	<segmented>0</segmented>
	<object>
		<name>hat</name>
		<pose>Unspecified</pose>
		<truncated>0</truncated>
		<difficult>0</difficult>
		<bndbox>
			<xmin>44</xmin>
			<ymin>11</ymin>
			<xmax>266</xmax>
			<ymax>278</ymax>
		</bndbox>
	</object>
</annotation>
