<annotation>
	<folder>img</folder>
	<filename>001521.jpg</filename>
	<path>D:\study\project\label_hat\800_1600\img\001521.jpg</path>
	<source>
		<database>Unknown</database>
	</source>
	<size>
		<width>1300</width>
		<height>960</height>
		<depth>3</depth>
	</size>
	<segmented>0</segmented>
	<object>
		<name>hat</name>
		<pose>Unspecified</pose>
		<truncated>0</truncated>
		<difficult>0</difficult>
		<bndbox>
			<xmin>648</xmin>
			<ymin>108</ymin>
			<xmax>752</xmax>
			<ymax>239</ymax>
		</bndbox>
	</object>
</annotation>
