<annotation>
	<folder>img</folder>
	<filename>001503.jpg</filename>
	<path>D:\study\project\label_hat\800_1600\img\001503.jpg</path>
	<source>
		<database>Unknown</database>
	</source>
	<size>
		<width>800</width>
		<height>390</height>
		<depth>3</depth>
	</size>
	<segmented>0</segmented>
	<object>
		<name>hat</name>
		<pose>Unspecified</pose>
		<truncated>0</truncated>
		<difficult>0</difficult>
		<bndbox>
			<xmin>478</xmin>
			<ymin>44</ymin>
			<xmax>654</xmax>
			<ymax>249</ymax>
		</bndbox>
	</object>
	<object>
		<name>hat</name>
		<pose>Unspecified</pose>
		<truncated>0</truncated>
		<difficult>0</difficult>
		<bndbox>
			<xmin>80</xmin>
			<ymin>11</ymin>
			<xmax>184</xmax>
			<ymax>170</ymax>
		</bndbox>
	</object>
</annotation>
