<annotation>
	<folder>img</folder>
	<filename>001602.jpg</filename>
	<path>D:\study\project\label_hat\800_1600\img\001602.jpg</path>
	<source>
		<database>Unknown</database>
	</source>
	<size>
		<width>957</width>
		<height>1300</height>
		<depth>3</depth>
	</size>
	<segmented>0</segmented>
	<object>
		<name>hat</name>
		<pose>Unspecified</pose>
		<truncated>0</truncated>
		<difficult>0</difficult>
		<bndbox>
			<xmin>615</xmin>
			<ymin>938</ymin>
			<xmax>674</xmax>
			<ymax>1002</ymax>
		</bndbox>
	</object>
	<object>
		<name>hat</name>
		<pose>Unspecified</pose>
		<truncated>0</truncated>
		<difficult>0</difficult>
		<bndbox>
			<xmin>174</xmin>
			<ymin>962</ymin>
			<xmax>237</xmax>
			<ymax>1029</ymax>
		</bndbox>
	</object>
</annotation>
