<annotation>
	<folder>img</folder>
	<filename>001658.jpg</filename>
	<path>D:\study\project\label_hat\800_1600\img\001658.jpg</path>
	<source>
		<database>Unknown</database>
	</source>
	<size>
		<width>400</width>
		<height>307</height>
		<depth>3</depth>
	</size>
	<segmented>0</segmented>
	<object>
		<name>hat</name>
		<pose>Unspecified</pose>
		<truncated>0</truncated>
		<difficult>0</difficult>
		<bndbox>
			<xmin>294</xmin>
			<ymin>50</ymin>
			<xmax>332</xmax>
			<ymax>91</ymax>
		</bndbox>
	</object>
</annotation>
