<annotation>
	<folder>tmp</folder>
	<filename>part2_002016.jpg</filename>
	<path>D:\study\project\label_hat\dataset\0731\tmp\part2_002016.jpg</path>
	<source>
		<database>Unknown</database>
	</source>
	<size>
		<width>1250</width>
		<height>703</height>
		<depth>3</depth>
	</size>
	<segmented>0</segmented>
	<object>
		<name>hat</name>
		<pose>Unspecified</pose>
		<truncated>0</truncated>
		<difficult>0</difficult>
		<bndbox>
			<xmin>519</xmin>
			<ymin>169</ymin>
			<xmax>638</xmax>
			<ymax>310</ymax>
		</bndbox>
	</object>
	<object>
		<name>hat</name>
		<pose>Unspecified</pose>
		<truncated>0</truncated>
		<difficult>0</difficult>
		<bndbox>
			<xmin>854</xmin>
			<ymin>117</ymin>
			<xmax>988</xmax>
			<ymax>248</ymax>
		</bndbox>
	</object>
	<object>
		<name>hat</name>
		<pose>Unspecified</pose>
		<truncated>0</truncated>
		<difficult>0</difficult>
		<bndbox>
			<xmin>189</xmin>
			<ymin>84</ymin>
			<xmax>311</xmax>
			<ymax>227</ymax>
		</bndbox>
	</object>
</annotation>
