<annotation verified="yes">
	<folder>待标注图片</folder>
	<filename>01074.jpg</filename>
	<path>C:\Users\Administrator\Desktop\labellmg\图片标注\待标注图片\01074.jpg</path>
	<source>
		<database>Unknown</database>
	</source>
	<size>
		<width>1259</width>
		<height>720</height>
		<depth>3</depth>
	</size>
	<segmented>0</segmented>
	<object>
		<name>person</name>
		<pose>Unspecified</pose>
		<truncated>0</truncated>
		<difficult>0</difficult>
		<bndbox>
			<xmin>527</xmin>
			<ymin>152</ymin>
			<xmax>563</xmax>
			<ymax>184</ymax>
		</bndbox>
	</object>
</annotation>
