<annotation>
	<folder>tmp</folder>
	<filename>part2_000335.jpg</filename>
	<path>C:\learning\hat\0730\tmp\part2_000335.jpg</path>
	<source>
		<database>Unknown</database>
	</source>
	<size>
		<width>4841</width>
		<height>3167</height>
		<depth>3</depth>
	</size>
	<segmented>0</segmented>
	<object>
		<name>hat</name>
		<pose>Unspecified</pose>
		<truncated>0</truncated>
		<difficult>0</difficult>
		<bndbox>
			<xmin>2727</xmin>
			<ymin>580</ymin>
			<xmax>3217</xmax>
			<ymax>1256</ymax>
		</bndbox>
	</object>
	<object>
		<name>hat</name>
		<pose>Unspecified</pose>
		<truncated>0</truncated>
		<difficult>0</difficult>
		<bndbox>
			<xmin>1768</xmin>
			<ymin>138</ymin>
			<xmax>2310</xmax>
			<ymax>821</ymax>
		</bndbox>
	</object>
	<object>
		<name>hat</name>
		<pose>Unspecified</pose>
		<truncated>0</truncated>
		<difficult>0</difficult>
		<bndbox>
			<xmin>3792</xmin>
			<ymin>338</ymin>
			<xmax>4465</xmax>
			<ymax>963</ymax>
		</bndbox>
	</object>
	<object>
		<name>hat</name>
		<pose>Unspecified</pose>
		<truncated>0</truncated>
		<difficult>0</difficult>
		<bndbox>
			<xmin>3792</xmin>
			<ymin>1725</ymin>
			<xmax>4458</xmax>
			<ymax>2252</ymax>
		</bndbox>
	</object>
</annotation>
