<annotation>
	<folder>tmp</folder>
	<filename>part2_002292.jpg</filename>
	<path>D:\study\project\label_hat\dataset\0731\tmp\part2_002292.jpg</path>
	<source>
		<database>Unknown</database>
	</source>
	<size>
		<width>1600</width>
		<height>350</height>
		<depth>3</depth>
	</size>
	<segmented>0</segmented>
	<object>
		<name>hat</name>
		<pose>Unspecified</pose>
		<truncated>0</truncated>
		<difficult>0</difficult>
		<bndbox>
			<xmin>294</xmin>
			<ymin>3</ymin>
			<xmax>667</xmax>
			<ymax>343</ymax>
		</bndbox>
	</object>
	<object>
		<name>hat</name>
		<pose>Unspecified</pose>
		<truncated>0</truncated>
		<difficult>0</difficult>
		<bndbox>
			<xmin>763</xmin>
			<ymin>10</ymin>
			<xmax>1076</xmax>
			<ymax>311</ymax>
		</bndbox>
	</object>
</annotation>
