<annotation>
	<folder>0-249</folder>
	<filename>42.jpg</filename>
	<path>/home/szk/data/0-249/42.jpg</path>
	<source>
		<database>Unknown</database>
	</source>
	<size>
		<width>1256</width>
		<height>730</height>
		<depth>3</depth>
	</size>
	<segmented>0</segmented>
	<object>
    <name>person</name>
		<pose>Unspecified</pose>
		<truncated>0</truncated>
		<difficult>0</difficult>
		<bndbox>
			<xmin>793</xmin>
			<ymin>218</ymin>
			<xmax>852</xmax>
			<ymax>285</ymax>
		</bndbox>
	</object>
</annotation>
