<annotation>
	<folder>tmp</folder>
	<filename>part2_001065.jpg</filename>
	<path>H:\dataset\0730_2\0730\tmp\part2_001065.jpg</path>
	<source>
		<database>Unknown</database>
	</source>
	<size>
		<width>1000</width>
		<height>667</height>
		<depth>3</depth>
	</size>
	<segmented>0</segmented>
	<object>
		<name>hat</name>
		<pose>Unspecified</pose>
		<truncated>0</truncated>
		<difficult>0</difficult>
		<bndbox>
			<xmin>352</xmin>
			<ymin>39</ymin>
			<xmax>643</xmax>
			<ymax>342</ymax>
		</bndbox>
	</object>
	<object>
		<name>hat</name>
		<pose>Unspecified</pose>
		<truncated>1</truncated>
		<difficult>0</difficult>
		<bndbox>
			<xmin>685</xmin>
			<ymin>1</ymin>
			<xmax>970</xmax>
			<ymax>339</ymax>
		</bndbox>
	</object>
</annotation>
