<annotation>
	<folder>tmp</folder>
	<filename>part2_001898.jpg</filename>
	<path>D:\study\project\label_hat\dataset\0731\tmp\part2_001898.jpg</path>
	<source>
		<database>Unknown</database>
	</source>
	<size>
		<width>300</width>
		<height>289</height>
		<depth>3</depth>
	</size>
	<segmented>0</segmented>
	<object>
		<name>hat</name>
		<pose>Unspecified</pose>
		<truncated>0</truncated>
		<difficult>0</difficult>
		<bndbox>
			<xmin>78</xmin>
			<ymin>16</ymin>
			<xmax>137</xmax>
			<ymax>89</ymax>
		</bndbox>
	</object>
	<object>
		<name>hat</name>
		<pose>Unspecified</pose>
		<truncated>0</truncated>
		<difficult>0</difficult>
		<bndbox>
			<xmin>135</xmin>
			<ymin>10</ymin>
			<xmax>257</xmax>
			<ymax>122</ymax>
		</bndbox>
	</object>
	<object>
		<name>hat</name>
		<pose>Unspecified</pose>
		<truncated>0</truncated>
		<difficult>0</difficult>
		<bndbox>
			<xmin>16</xmin>
			<ymin>110</ymin>
			<xmax>25</xmax>
			<ymax>121</ymax>
		</bndbox>
	</object>
</annotation>
