<annotation verified="no">
  <folder>0-249</folder>
  <filename>18</filename>
  <path>/home/szk/data/0-249/18.jpg</path>
  <source>
    <database>Unknown</database>
  </source>
  <size>
    <width>1082</width>
    <height>605</height>
    <depth>3</depth>
  </size>
  <segmented>0</segmented>
  <object>
    <name>person</name>
    <pose>Unspecified</pose>
    <truncated>0</truncated>
    <difficult>0</difficult>
    <bndbox>
      <xmin>953</xmin>
      <ymin>86</ymin>
      <xmax>969</xmax>
      <ymax>105</ymax>
    </bndbox>
  </object>
  <object>
    <name>person</name>
    <pose>Unspecified</pose>
    <truncated>0</truncated>
    <difficult>0</difficult>
    <bndbox>
      <xmin>980</xmin>
      <ymin>94</ymin>
      <xmax>997</xmax>
      <ymax>109</ymax>
    </bndbox>
  </object>
</annotation>
