<annotation verified="no">
  <folder>0-249</folder>
  <filename>177</filename>
  <path>/home/szk/data/0-249/177.jpg</path>
  <source>
    <database>Unknown</database>
  </source>
  <size>
    <width>1035</width>
    <height>611</height>
    <depth>3</depth>
  </size>
  <segmented>0</segmented>
  <object>
    <name>person</name>
    <pose>Unspecified</pose>
    <truncated>0</truncated>
    <difficult>0</difficult>
    <bndbox>
      <xmin>448</xmin>
      <ymin>137</ymin>
      <xmax>469</xmax>
      <ymax>161</ymax>
    </bndbox>
  </object>
</annotation>
