<annotation verified="yes">
	<folder>待标注图片</folder>
	<filename>01065.jpg</filename>
	<path>C:\Users\Administrator\Desktop\labellmg\图片标注\待标注图片\01065.jpg</path>
	<source>
		<database>Unknown</database>
	</source>
	<size>
		<width>1261</width>
		<height>718</height>
		<depth>3</depth>
	</size>
	<segmented>0</segmented>
	<object>
		<name>person</name>
		<pose>Unspecified</pose>
		<truncated>0</truncated>
		<difficult>0</difficult>
		<bndbox>
			<xmin>525</xmin>
			<ymin>150</ymin>
			<xmax>550</xmax>
			<ymax>179</ymax>
		</bndbox>
	</object>
	<object>
		<name>person</name>
		<pose>Unspecified</pose>
		<truncated>0</truncated>
		<difficult>0</difficult>
		<bndbox>
			<xmin>747</xmin>
			<ymin>63</ymin>
			<xmax>772</xmax>
			<ymax>84</ymax>
		</bndbox>
	</object>
</annotation>
