<annotation>
	<folder>tmp</folder>
	<filename>part2_000588.jpg</filename>
	<path>C:\learning\hat\0730\tmp\part2_000588.jpg</path>
	<source>
		<database>Unknown</database>
	</source>
	<size>
		<width>1106</width>
		<height>1700</height>
		<depth>3</depth>
	</size>
	<segmented>0</segmented>
	<object>
		<name>hat</name>
		<pose>Unspecified</pose>
		<truncated>0</truncated>
		<difficult>0</difficult>
		<bndbox>
			<xmin>427</xmin>
			<ymin>24</ymin>
			<xmax>805</xmax>
			<ymax>481</ymax>
		</bndbox>
	</object>
</annotation>
