<annotation verified="no">
  <folder>0-249</folder>
  <filename>107</filename>
  <path>/home/szk/data/0-249/107.jpg</path>
  <source>
    <database>Unknown</database>
  </source>
  <size>
    <width>1265</width>
    <height>717</height>
    <depth>3</depth>
  </size>
  <segmented>0</segmented>
  <object>
    <name>person</name>
    <pose>Unspecified</pose>
    <truncated>0</truncated>
    <difficult>0</difficult>
    <bndbox>
      <xmin>477</xmin>
      <ymin>135</ymin>
      <xmax>497</xmax>
      <ymax>158</ymax>
    </bndbox>
  </object>
  <object>
    <name>person</name>
    <pose>Unspecified</pose>
    <truncated>0</truncated>
    <difficult>0</difficult>
    <bndbox>
      <xmin>572</xmin>
      <ymin>111</ymin>
      <xmax>591</xmax>
      <ymax>130</ymax>
    </bndbox>
  </object>
  <object>
    <name>person</name>
    <pose>Unspecified</pose>
    <truncated>0</truncated>
    <difficult>0</difficult>
    <bndbox>
      <xmin>595</xmin>
      <ymin>146</ymin>
      <xmax>622</xmax>
      <ymax>172</ymax>
    </bndbox>
  </object>
  <object>
    <name>person</name>
    <pose>Unspecified</pose>
    <truncated>0</truncated>
    <difficult>0</difficult>
    <bndbox>
      <xmin>1094</xmin>
      <ymin>93</ymin>
      <xmax>1114</xmax>
      <ymax>117</ymax>
    </bndbox>
  </object>
  <object>
    <name>person</name>
    <pose>Unspecified</pose>
    <truncated>0</truncated>
    <difficult>0</difficult>
    <bndbox>
      <xmin>1133</xmin>
      <ymin>102</ymin>
      <xmax>1157</xmax>
      <ymax>127</ymax>
    </bndbox>
  </object>
</annotation>
