<annotation>
	<folder>tmp</folder>
	<filename>part2_001532.jpg</filename>
	<path>C:\learning\hat\0731\0730_2\0730\tmp\part2_001532.jpg</path>
	<source>
		<database>Unknown</database>
	</source>
	<size>
		<width>1040</width>
		<height>670</height>
		<depth>3</depth>
	</size>
	<segmented>0</segmented>
	<object>
		<name>hat</name>
		<pose>Unspecified</pose>
		<truncated>0</truncated>
		<difficult>0</difficult>
		<bndbox>
			<xmin>341</xmin>
			<ymin>169</ymin>
			<xmax>496</xmax>
			<ymax>340</ymax>
		</bndbox>
	</object>
	<object>
		<name>hat</name>
		<pose>Unspecified</pose>
		<truncated>0</truncated>
		<difficult>0</difficult>
		<bndbox>
			<xmin>333</xmin>
			<ymin>40</ymin>
			<xmax>448</xmax>
			<ymax>186</ymax>
		</bndbox>
	</object>
	<object>
		<name>hat</name>
		<pose>Unspecified</pose>
		<truncated>0</truncated>
		<difficult>0</difficult>
		<bndbox>
			<xmin>623</xmin>
			<ymin>35</ymin>
			<xmax>748</xmax>
			<ymax>165</ymax>
		</bndbox>
	</object>
</annotation>
