<annotation>
	<folder>tmp</folder>
	<filename>part2_000593.jpg</filename>
	<path>C:\learning\hat\0730\tmp\part2_000593.jpg</path>
	<source>
		<database>Unknown</database>
	</source>
	<size>
		<width>1300</width>
		<height>866</height>
		<depth>3</depth>
	</size>
	<segmented>0</segmented>
	<object>
		<name>hat</name>
		<pose>Unspecified</pose>
		<truncated>0</truncated>
		<difficult>0</difficult>
		<bndbox>
			<xmin>686</xmin>
			<ymin>140</ymin>
			<xmax>899</xmax>
			<ymax>438</ymax>
		</bndbox>
	</object>
</annotation>
