<annotation>
	<folder>Img_2000</folder>
	<filename>Img_1985.jpeg</filename>
	<path>C:\Users\Administrator\Desktop\dataset_2.0\Img_2000\Img_1985.jpeg</path>
	<source>
		<database>Unknown</database>
	</source>
	<size>
		<width>499</width>
		<height>363</height>
		<depth>3</depth>
	</size>
	<segmented>0</segmented>
	<object>
		<name>person</name>
		<pose>Unspecified</pose>
		<truncated>0</truncated>
		<difficult>0</difficult>
		<bndbox>
			<xmin>163</xmin>
			<ymin>3</ymin>
			<xmax>251</xmax>
			<ymax>104</ymax>
		</bndbox>
	</object>
</annotation>
