<annotation>
	<folder>tmp</folder>
	<filename>part2_001818.jpg</filename>
	<path>C:\learning\hat\0731\0730_2\0730\tmp\part2_001818.jpg</path>
	<source>
		<database>Unknown</database>
	</source>
	<size>
		<width>3024</width>
		<height>4032</height>
		<depth>3</depth>
	</size>
	<segmented>0</segmented>
	<object>
		<name>hat</name>
		<pose>Unspecified</pose>
		<truncated>0</truncated>
		<difficult>0</difficult>
		<bndbox>
			<xmin>2059</xmin>
			<ymin>885</ymin>
			<xmax>2529</xmax>
			<ymax>1450</ymax>
		</bndbox>
	</object>
	<object>
		<name>hat</name>
		<pose>Unspecified</pose>
		<truncated>0</truncated>
		<difficult>0</difficult>
		<bndbox>
			<xmin>1633</xmin>
			<ymin>685</ymin>
			<xmax>1968</xmax>
			<ymax>1076</ymax>
		</bndbox>
	</object>
	<object>
		<name>hat</name>
		<pose>Unspecified</pose>
		<truncated>0</truncated>
		<difficult>0</difficult>
		<bndbox>
			<xmin>1033</xmin>
			<ymin>733</ymin>
			<xmax>1368</xmax>
			<ymax>1124</ymax>
		</bndbox>
	</object>
	<object>
		<name>hat</name>
		<pose>Unspecified</pose>
		<truncated>0</truncated>
		<difficult>0</difficult>
		<bndbox>
			<xmin>550</xmin>
			<ymin>706</ymin>
			<xmax>907</xmax>
			<ymax>1215</ymax>
		</bndbox>
	</object>
</annotation>
