<annotation>
	<folder>tmp</folder>
	<filename>part2_001785.jpg</filename>
	<path>C:\learning\hat\0731\0730_2\0730\tmp\part2_001785.jpg</path>
	<source>
		<database>Unknown</database>
	</source>
	<size>
		<width>500</width>
		<height>383</height>
		<depth>3</depth>
	</size>
	<segmented>0</segmented>
	<object>
		<name>hat</name>
		<pose>Unspecified</pose>
		<truncated>1</truncated>
		<difficult>0</difficult>
		<bndbox>
			<xmin>323</xmin>
			<ymin>1</ymin>
			<xmax>466</xmax>
			<ymax>157</ymax>
		</bndbox>
	</object>
	<object>
		<name>hat</name>
		<pose>Unspecified</pose>
		<truncated>1</truncated>
		<difficult>0</difficult>
		<bndbox>
			<xmin>443</xmin>
			<ymin>1</ymin>
			<xmax>500</xmax>
			<ymax>166</ymax>
		</bndbox>
	</object>
	<object>
		<name>hat</name>
		<pose>Unspecified</pose>
		<truncated>0</truncated>
		<difficult>0</difficult>
		<bndbox>
			<xmin>105</xmin>
			<ymin>128</ymin>
			<xmax>136</xmax>
			<ymax>163</ymax>
		</bndbox>
	</object>
</annotation>
