<annotation>
	<folder>JPEGImages</folder>
	<filename>part2_001657.jpg</filename>
	<path>C:\learning\dataset\VOC2024\JPEGImages\part2_001657.jpg</path>
	<source>
		<database>Unknown</database>
	</source>
	<size>
		<width>5611</width>
		<height>3156</height>
		<depth>3</depth>
	</size>
	<segmented>0</segmented>
	<object>
		<name>hat</name>
		<pose>Unspecified</pose>
		<truncated>0</truncated>
		<difficult>0</difficult>
		<bndbox>
			<xmin>2723</xmin>
			<ymin>51</ymin>
			<xmax>3157</xmax>
			<ymax>599</ymax>
		</bndbox>
	</object>
	<object>
		<name>hat</name>
		<pose>Unspecified</pose>
		<truncated>1</truncated>
		<difficult>0</difficult>
		<bndbox>
			<xmin>3374</xmin>
			<ymin>1</ymin>
			<xmax>3813</xmax>
			<ymax>462</ymax>
		</bndbox>
	</object>
	<object>
		<name>hat</name>
		<pose>Unspecified</pose>
		<truncated>0</truncated>
		<difficult>0</difficult>
		<bndbox>
			<xmin>4553</xmin>
			<ymin>44</ymin>
			<xmax>5031</xmax>
			<ymax>699</ymax>
		</bndbox>
	</object>
	<object>
		<name>person</name>
		<pose>Unspecified</pose>
		<truncated>0</truncated>
		<difficult>0</difficult>
		<bndbox>
			<xmin>3079</xmin>
			<ymin>1029</ymin>
			<xmax>3508</xmax>
			<ymax>1562</ymax>
		</bndbox>
	</object>
	<object>
		<name>person</name>
		<pose>Unspecified</pose>
		<truncated>0</truncated>
		<difficult>0</difficult>
		<bndbox>
			<xmin>3853</xmin>
			<ymin>188</ymin>
			<xmax>4334</xmax>
			<ymax>821</ymax>
		</bndbox>
	</object>
</annotation>
