<annotation>
	<folder>pic</folder>
	<filename>01149.jpg</filename>
	<path>C:\Users\Administrator\Desktop\labellmg\pic\01149.jpg</path>
	<source>
		<database>Unknown</database>
	</source>
	<size>
		<width>933</width>
		<height>520</height>
		<depth>3</depth>
	</size>
	<segmented>0</segmented>
	<object>
		<name>person</name>
		<pose>Unspecified</pose>
		<truncated>0</truncated>
		<difficult>0</difficult>
		<bndbox>
			<xmin>403</xmin>
			<ymin>96</ymin>
			<xmax>419</xmax>
			<ymax>112</ymax>
		</bndbox>
	</object>
	<object>
		<name>person</name>
		<pose>Unspecified</pose>
		<truncated>0</truncated>
		<difficult>0</difficult>
		<bndbox>
			<xmin>567</xmin>
			<ymin>125</ymin>
			<xmax>585</xmax>
			<ymax>148</ymax>
		</bndbox>
	</object>
</annotation>
