<annotation>
	<folder>tmp</folder>
	<filename>part2_000609.jpg</filename>
	<path>C:\learning\hat\0730\tmp\part2_000609.jpg</path>
	<source>
		<database>Unknown</database>
	</source>
	<size>
		<width>565</width>
		<height>375</height>
		<depth>3</depth>
	</size>
	<segmented>0</segmented>
	<object>
		<name>hat</name>
		<pose>Unspecified</pose>
		<truncated>1</truncated>
		<difficult>0</difficult>
		<bndbox>
			<xmin>284</xmin>
			<ymin>1</ymin>
			<xmax>395</xmax>
			<ymax>123</ymax>
		</bndbox>
	</object>
</annotation>
