<annotation>
	<folder>tmp</folder>
	<filename>part2_002099.jpg</filename>
	<path>D:\study\project\label_hat\dataset\0731\tmp\part2_002099.jpg</path>
	<source>
		<database>Unknown</database>
	</source>
	<size>
		<width>433</width>
		<height>650</height>
		<depth>3</depth>
	</size>
	<segmented>0</segmented>
	<object>
		<name>hat</name>
		<pose>Unspecified</pose>
		<truncated>0</truncated>
		<difficult>0</difficult>
		<bndbox>
			<xmin>174</xmin>
			<ymin>51</ymin>
			<xmax>329</xmax>
			<ymax>207</ymax>
		</bndbox>
	</object>
</annotation>
