<annotation>
	<folder>tmp</folder>
	<filename>part2_001244.jpg</filename>
	<path>H:\dataset\0730_2\0730\tmp\part2_001244.jpg</path>
	<source>
		<database>Unknown</database>
	</source>
	<size>
		<width>1000</width>
		<height>676</height>
		<depth>3</depth>
	</size>
	<segmented>0</segmented>
	<object>
		<name>hat</name>
		<pose>Unspecified</pose>
		<truncated>1</truncated>
		<difficult>0</difficult>
		<bndbox>
			<xmin>555</xmin>
			<ymin>1</ymin>
			<xmax>795</xmax>
			<ymax>320</ymax>
		</bndbox>
	</object>
</annotation>
