<annotation>
	<folder>tmp</folder>
	<filename>part2_001483.jpg</filename>
	<path>H:\dataset\0730_2\0730\tmp\part2_001483.jpg</path>
	<source>
		<database>Unknown</database>
	</source>
	<size>
		<width>863</width>
		<height>1300</height>
		<depth>3</depth>
	</size>
	<segmented>0</segmented>
	<object>
		<name>hat</name>
		<pose>Unspecified</pose>
		<truncated>0</truncated>
		<difficult>0</difficult>
		<bndbox>
			<xmin>268</xmin>
			<ymin>101</ymin>
			<xmax>562</xmax>
			<ymax>524</ymax>
		</bndbox>
	</object>
</annotation>
