<annotation verified="no">
  <folder>0-249</folder>
  <filename>196</filename>
  <path>/home/szk/data/0-249/196.jpg</path>
  <source>
    <database>Unknown</database>
  </source>
  <size>
    <width>986</width>
    <height>561</height>
    <depth>3</depth>
  </size>
  <segmented>0</segmented>
  <object>
    <name>person</name>
    <pose>Unspecified</pose>
    <truncated>0</truncated>
    <difficult>0</difficult>
    <bndbox>
      <xmin>329</xmin>
      <ymin>99</ymin>
      <xmax>356</xmax>
      <ymax>127</ymax>
    </bndbox>
  </object>
  <object>
    <name>person</name>
    <pose>Unspecified</pose>
    <truncated>0</truncated>
    <difficult>0</difficult>
    <bndbox>
      <xmin>396</xmin>
      <ymin>142</ymin>
      <xmax>418</xmax>
      <ymax>165</ymax>
    </bndbox>
  </object>
  <object>
    <name>person</name>
    <pose>Unspecified</pose>
    <truncated>0</truncated>
    <difficult>0</difficult>
    <bndbox>
      <xmin>432</xmin>
      <ymin>107</ymin>
      <xmax>448</xmax>
      <ymax>126</ymax>
    </bndbox>
  </object>
  <object>
    <name>person</name>
    <pose>Unspecified</pose>
    <truncated>0</truncated>
    <difficult>0</difficult>
    <bndbox>
      <xmin>455</xmin>
      <ymin>116</ymin>
      <xmax>474</xmax>
      <ymax>140</ymax>
    </bndbox>
  </object>
  <object>
    <name>person</name>
    <pose>Unspecified</pose>
    <truncated>0</truncated>
    <difficult>0</difficult>
    <bndbox>
      <xmin>473</xmin>
      <ymin>113</ymin>
      <xmax>492</xmax>
      <ymax>133</ymax>
    </bndbox>
  </object>
  <object>
    <name>person</name>
    <pose>Unspecified</pose>
    <truncated>0</truncated>
    <difficult>0</difficult>
    <bndbox>
      <xmin>492</xmin>
      <ymin>45</ymin>
      <xmax>508</xmax>
      <ymax>65</ymax>
    </bndbox>
  </object>
</annotation>
