<annotation>
	<folder>img_1000_1399</folder>
	<filename>01007.jpg</filename>
	<path>C:\Users\18214\Desktop\img_1000_1399\01007.jpg</path>
	<source>
		<database>Unknown</database>
	</source>
	<size>
		<width>1051</width>
		<height>596</height>
		<depth>3</depth>
	</size>
	<segmented>0</segmented>
	<object>
		<name>person</name>
		<pose>Unspecified</pose>
		<truncated>0</truncated>
		<difficult>0</difficult>
		<bndbox>
			<xmin>930</xmin>
			<ymin>89</ymin>
			<xmax>943</xmax>
			<ymax>106</ymax>
		</bndbox>
	</object>
</annotation>
