<annotation>
	<folder>tmp</folder>
	<filename>part2_001991.jpg</filename>
	<path>D:\study\project\label_hat\dataset\0731\tmp\part2_001991.jpg</path>
	<source>
		<database>Unknown</database>
	</source>
	<size>
		<width>2100</width>
		<height>447</height>
		<depth>3</depth>
	</size>
	<segmented>0</segmented>
	<object>
		<name>hat</name>
		<pose>Unspecified</pose>
		<truncated>1</truncated>
		<difficult>0</difficult>
		<bndbox>
			<xmin>1115</xmin>
			<ymin>1</ymin>
			<xmax>1463</xmax>
			<ymax>304</ymax>
		</bndbox>
	</object>
</annotation>
