<annotation>
	<folder>tmp</folder>
	<filename>part2_000429.jpg</filename>
	<path>C:\learning\hat\0730\tmp\part2_000429.jpg</path>
	<source>
		<database>Unknown</database>
	</source>
	<size>
		<width>863</width>
		<height>288</height>
		<depth>3</depth>
	</size>
	<segmented>0</segmented>
	<object>
		<name>hat</name>
		<pose>Unspecified</pose>
		<truncated>0</truncated>
		<difficult>0</difficult>
		<bndbox>
			<xmin>456</xmin>
			<ymin>54</ymin>
			<xmax>552</xmax>
			<ymax>163</ymax>
		</bndbox>
	</object>
	<object>
		<name>hat</name>
		<pose>Unspecified</pose>
		<truncated>0</truncated>
		<difficult>0</difficult>
		<bndbox>
			<xmin>251</xmin>
			<ymin>58</ymin>
			<xmax>350</xmax>
			<ymax>172</ymax>
		</bndbox>
	</object>
</annotation>
