<annotation>
	<folder>pic</folder>
	<filename>01396.jpg</filename>
	<path>C:\Users\Administrator\Desktop\labellmg\pic\01396.jpg</path>
	<source>
		<database>Unknown</database>
	</source>
	<size>
		<width>1082</width>
		<height>610</height>
		<depth>3</depth>
	</size>
	<segmented>0</segmented>
	<object>
		<name>person</name>
		<pose>Unspecified</pose>
		<truncated>0</truncated>
		<difficult>0</difficult>
		<bndbox>
			<xmin>258</xmin>
			<ymin>137</ymin>
			<xmax>285</xmax>
			<ymax>159</ymax>
		</bndbox>
	</object>
	<object>
		<name>person</name>
		<pose>Unspecified</pose>
		<truncated>0</truncated>
		<difficult>0</difficult>
		<bndbox>
			<xmin>373</xmin>
			<ymin>102</ymin>
			<xmax>391</xmax>
			<ymax>120</ymax>
		</bndbox>
	</object>
	<object>
		<name>person</name>
		<pose>Unspecified</pose>
		<truncated>0</truncated>
		<difficult>0</difficult>
		<bndbox>
			<xmin>706</xmin>
			<ymin>59</ymin>
			<xmax>727</xmax>
			<ymax>79</ymax>
		</bndbox>
	</object>
	<object>
		<name>person</name>
		<pose>Unspecified</pose>
		<truncated>0</truncated>
		<difficult>0</difficult>
		<bndbox>
			<xmin>780</xmin>
			<ymin>63</ymin>
			<xmax>798</xmax>
			<ymax>84</ymax>
		</bndbox>
	</object>
</annotation>
