<annotation>
	<folder>pic</folder>
	<filename>01292.jpg</filename>
	<path>C:\Users\Administrator\Desktop\labellmg\pic\01292.jpg</path>
	<source>
		<database>Unknown</database>
	</source>
	<size>
		<width>947</width>
		<height>535</height>
		<depth>3</depth>
	</size>
	<segmented>0</segmented>
	<object>
		<name>person</name>
		<pose>Unspecified</pose>
		<truncated>0</truncated>
		<difficult>0</difficult>
		<bndbox>
			<xmin>449</xmin>
			<ymin>69</ymin>
			<xmax>461</xmax>
			<ymax>86</ymax>
		</bndbox>
	</object>
	<object>
		<name>person</name>
		<pose>Unspecified</pose>
		<truncated>0</truncated>
		<difficult>0</difficult>
		<bndbox>
			<xmin>467</xmin>
			<ymin>68</ymin>
			<xmax>481</xmax>
			<ymax>85</ymax>
		</bndbox>
	</object>
	<object>
		<name>person</name>
		<pose>Unspecified</pose>
		<truncated>0</truncated>
		<difficult>0</difficult>
		<bndbox>
			<xmin>507</xmin>
			<ymin>71</ymin>
			<xmax>523</xmax>
			<ymax>87</ymax>
		</bndbox>
	</object>
</annotation>
