<annotation>
	<folder>picture</folder>
	<filename>58.jpg</filename>
	<path>/home/jingroup/guochuang/picture/58.jpg</path>
	<source>
		<database>Unknown</database>
	</source>
	<size>
		<width>1024</width>
		<height>579</height>
		<depth>3</depth>
	</size>
	<segmented>0</segmented>
	<object>
    <name>person</name>
		<pose>Unspecified</pose>
		<truncated>0</truncated>
		<difficult>0</difficult>
		<bndbox>
			<xmin>681</xmin>
			<ymin>52</ymin>
			<xmax>695</xmax>
			<ymax>71</ymax>
		</bndbox>
	</object>
	<object>
    <name>person</name>
		<pose>Unspecified</pose>
		<truncated>0</truncated>
		<difficult>0</difficult>
		<bndbox>
			<xmin>904</xmin>
			<ymin>106</ymin>
			<xmax>925</xmax>
			<ymax>134</ymax>
		</bndbox>
	</object>
</annotation>
