<annotation>
	<folder>tmp</folder>
	<filename>part2_001856.jpg</filename>
	<path>C:\learning\hat\0731\0730_2\0730\tmp\part2_001856.jpg</path>
	<source>
		<database>Unknown</database>
	</source>
	<size>
		<width>1920</width>
		<height>719</height>
		<depth>3</depth>
	</size>
	<segmented>0</segmented>
	<object>
		<name>hat</name>
		<pose>Unspecified</pose>
		<truncated>0</truncated>
		<difficult>0</difficult>
		<bndbox>
			<xmin>1116</xmin>
			<ymin>12</ymin>
			<xmax>1416</xmax>
			<ymax>351</ymax>
		</bndbox>
	</object>
	<object>
		<name>hat</name>
		<pose>Unspecified</pose>
		<truncated>0</truncated>
		<difficult>0</difficult>
		<bndbox>
			<xmin>1472</xmin>
			<ymin>44</ymin>
			<xmax>1667</xmax>
			<ymax>311</ymax>
		</bndbox>
	</object>
</annotation>
