<annotation>
	<folder>tmp</folder>
	<filename>part2_000343.jpg</filename>
	<path>C:\learning\hat\0730\tmp\part2_000343.jpg</path>
	<source>
		<database>Unknown</database>
	</source>
	<size>
		<width>1024</width>
		<height>508</height>
		<depth>3</depth>
	</size>
	<segmented>0</segmented>
	<object>
		<name>hat</name>
		<pose>Unspecified</pose>
		<truncated>0</truncated>
		<difficult>0</difficult>
		<bndbox>
			<xmin>316</xmin>
			<ymin>13</ymin>
			<xmax>391</xmax>
			<ymax>96</ymax>
		</bndbox>
	</object>
	<object>
		<name>hat</name>
		<pose>Unspecified</pose>
		<truncated>0</truncated>
		<difficult>0</difficult>
		<bndbox>
			<xmin>836</xmin>
			<ymin>114</ymin>
			<xmax>895</xmax>
			<ymax>172</ymax>
		</bndbox>
	</object>
	<object>
		<name>hat</name>
		<pose>Unspecified</pose>
		<truncated>1</truncated>
		<difficult>0</difficult>
		<bndbox>
			<xmin>130</xmin>
			<ymin>464</ymin>
			<xmax>190</xmax>
			<ymax>508</ymax>
		</bndbox>
	</object>
</annotation>
