<annotation>
	<folder>JPEGImages</folder>
	<filename>part2_000107.jpg</filename>
	<path>C:\learning\dataset\VOC2024\JPEGImages\part2_000107.jpg</path>
	<source>
		<database>Unknown</database>
	</source>
	<size>
		<width>640</width>
		<height>457</height>
		<depth>3</depth>
	</size>
	<segmented>0</segmented>
	<object>
		<name>hat</name>
		<pose>Unspecified</pose>
		<truncated>0</truncated>
		<difficult>0</difficult>
		<bndbox>
			<xmin>373</xmin>
			<ymin>32</ymin>
			<xmax>449</xmax>
			<ymax>143</ymax>
		</bndbox>
	</object>
	<object>
		<name>hat</name>
		<pose>Unspecified</pose>
		<truncated>0</truncated>
		<difficult>0</difficult>
		<bndbox>
			<xmin>456</xmin>
			<ymin>68</ymin>
			<xmax>580</xmax>
			<ymax>198</ymax>
		</bndbox>
	</object>
	<object>
		<name>person</name>
		<pose>Unspecified</pose>
		<truncated>0</truncated>
		<difficult>0</difficult>
		<bndbox>
			<xmin>154</xmin>
			<ymin>93</ymin>
			<xmax>296</xmax>
			<ymax>233</ymax>
		</bndbox>
	</object>
</annotation>
