<annotation>
	<folder>500-749</folder>
	<filename>732.jpg</filename>
	<path>/home/shirley/biaozhu/labelImg-master/labelImg-master/500-749/732.jpg</path>
	<source>
		<database>Unknown</database>
	</source>
	<size>
		<width>987</width>
		<height>552</height>
		<depth>3</depth>
	</size>
	<segmented>0</segmented>
	<object>
    <name>person</name>
		<pose>Unspecified</pose>
		<truncated>0</truncated>
		<difficult>0</difficult>
		<bndbox>
			<xmin>305</xmin>
			<ymin>98</ymin>
			<xmax>327</xmax>
			<ymax>122</ymax>
		</bndbox>
	</object>
	<object>
    <name>person</name>
		<pose>Unspecified</pose>
		<truncated>0</truncated>
		<difficult>0</difficult>
		<bndbox>
			<xmin>428</xmin>
			<ymin>98</ymin>
			<xmax>440</xmax>
			<ymax>118</ymax>
		</bndbox>
	</object>
	<object>
    <name>person</name>
		<pose>Unspecified</pose>
		<truncated>0</truncated>
		<difficult>0</difficult>
		<bndbox>
			<xmin>443</xmin>
			<ymin>101</ymin>
			<xmax>461</xmax>
			<ymax>118</ymax>
		</bndbox>
	</object>
</annotation>
