<annotation>
	<folder>tmp</folder>
	<filename>part2_001810.jpg</filename>
	<path>C:\learning\hat\0731\0730_2\0730\tmp\part2_001810.jpg</path>
	<source>
		<database>Unknown</database>
	</source>
	<size>
		<width>4437</width>
		<height>3476</height>
		<depth>3</depth>
	</size>
	<segmented>0</segmented>
	<object>
		<name>hat</name>
		<pose>Unspecified</pose>
		<truncated>0</truncated>
		<difficult>0</difficult>
		<bndbox>
			<xmin>733</xmin>
			<ymin>576</ymin>
			<xmax>1106</xmax>
			<ymax>1026</ymax>
		</bndbox>
	</object>
	<object>
		<name>hat</name>
		<pose>Unspecified</pose>
		<truncated>0</truncated>
		<difficult>0</difficult>
		<bndbox>
			<xmin>1264</xmin>
			<ymin>707</ymin>
			<xmax>1553</xmax>
			<ymax>1053</ymax>
		</bndbox>
	</object>
	<object>
		<name>hat</name>
		<pose>Unspecified</pose>
		<truncated>0</truncated>
		<difficult>0</difficult>
		<bndbox>
			<xmin>1749</xmin>
			<ymin>642</ymin>
			<xmax>2068</xmax>
			<ymax>1011</ymax>
		</bndbox>
	</object>
	<object>
		<name>hat</name>
		<pose>Unspecified</pose>
		<truncated>0</truncated>
		<difficult>0</difficult>
		<bndbox>
			<xmin>3322</xmin>
			<ymin>430</ymin>
			<xmax>3653</xmax>
			<ymax>799</ymax>
		</bndbox>
	</object>
</annotation>
