<annotation>
	<folder>250-499</folder>
	<filename>449.jpg</filename>
	<path>/home/pengdezhi/数据标注/250-499/449.jpg</path>
	<source>
		<database>Unknown</database>
	</source>
	<size>
		<width>889</width>
		<height>500</height>
		<depth>3</depth>
	</size>
	<segmented>0</segmented>
	<object>
    <name>person</name>
		<pose>Unspecified</pose>
		<truncated>0</truncated>
		<difficult>0</difficult>
		<bndbox>
			<xmin>677</xmin>
			<ymin>53</ymin>
			<xmax>689</xmax>
			<ymax>68</ymax>
		</bndbox>
	</object>
</annotation>
