<annotation>
	<folder>tmp</folder>
	<filename>part2_002311.jpg</filename>
	<path>D:\study\project\label_hat\dataset\0731\tmp\part2_002311.jpg</path>
	<source>
		<database>Unknown</database>
	</source>
	<size>
		<width>630</width>
		<height>630</height>
		<depth>3</depth>
	</size>
	<segmented>0</segmented>
	<object>
		<name>hat</name>
		<pose>Unspecified</pose>
		<truncated>0</truncated>
		<difficult>0</difficult>
		<bndbox>
			<xmin>136</xmin>
			<ymin>22</ymin>
			<xmax>546</xmax>
			<ymax>493</ymax>
		</bndbox>
	</object>
</annotation>
