<annotation>
	<folder>tmp</folder>
	<filename>part2_000719.jpg</filename>
	<path>C:\learning\hat\0730\tmp\part2_000719.jpg</path>
	<source>
		<database>Unknown</database>
	</source>
	<size>
		<width>626</width>
		<height>417</height>
		<depth>3</depth>
	</size>
	<segmented>0</segmented>
	<object>
		<name>hat</name>
		<pose>Unspecified</pose>
		<truncated>0</truncated>
		<difficult>0</difficult>
		<bndbox>
			<xmin>167</xmin>
			<ymin>107</ymin>
			<xmax>270</xmax>
			<ymax>237</ymax>
		</bndbox>
	</object>
</annotation>
