<annotation>
	<folder>tmp</folder>
	<filename>part2_001066.jpg</filename>
	<path>H:\dataset\0730_2\0730\tmp\part2_001066.jpg</path>
	<source>
		<database>Unknown</database>
	</source>
	<size>
		<width>828</width>
		<height>442</height>
		<depth>3</depth>
	</size>
	<segmented>0</segmented>
	<object>
		<name>hat</name>
		<pose>Unspecified</pose>
		<truncated>0</truncated>
		<difficult>0</difficult>
		<bndbox>
			<xmin>446</xmin>
			<ymin>46</ymin>
			<xmax>573</xmax>
			<ymax>196</ymax>
		</bndbox>
	</object>
	<object>
		<name>hat</name>
		<pose>Unspecified</pose>
		<truncated>0</truncated>
		<difficult>0</difficult>
		<bndbox>
			<xmin>205</xmin>
			<ymin>16</ymin>
			<xmax>353</xmax>
			<ymax>187</ymax>
		</bndbox>
	</object>
</annotation>
