<annotation>
	<folder>tmp</folder>
	<filename>part2_001334.jpg</filename>
	<path>H:\dataset\0730_2\0730\tmp\part2_001334.jpg</path>
	<source>
		<database>Unknown</database>
	</source>
	<size>
		<width>2000</width>
		<height>1125</height>
		<depth>3</depth>
	</size>
	<segmented>0</segmented>
	<object>
		<name>hat</name>
		<pose>Unspecified</pose>
		<truncated>0</truncated>
		<difficult>0</difficult>
		<bndbox>
			<xmin>789</xmin>
			<ymin>305</ymin>
			<xmax>1079</xmax>
			<ymax>661</ymax>
		</bndbox>
	</object>
	<object>
		<name>hat</name>
		<pose>Unspecified</pose>
		<truncated>0</truncated>
		<difficult>0</difficult>
		<bndbox>
			<xmin>1111</xmin>
			<ymin>345</ymin>
			<xmax>1397</xmax>
			<ymax>720</ymax>
		</bndbox>
	</object>
	<object>
		<name>hat</name>
		<pose>Unspecified</pose>
		<truncated>0</truncated>
		<difficult>0</difficult>
		<bndbox>
			<xmin>1458</xmin>
			<ymin>416</ymin>
			<xmax>1746</xmax>
			<ymax>777</ymax>
		</bndbox>
	</object>
</annotation>
