<annotation>
	<folder>tmp</folder>
	<filename>part2_001565.jpg</filename>
	<path>C:\learning\hat\0731\0730_2\0730\tmp\part2_001565.jpg</path>
	<source>
		<database>Unknown</database>
	</source>
	<size>
		<width>600</width>
		<height>398</height>
		<depth>3</depth>
	</size>
	<segmented>0</segmented>
	<object>
		<name>hat</name>
		<pose>Unspecified</pose>
		<truncated>0</truncated>
		<difficult>0</difficult>
		<bndbox>
			<xmin>119</xmin>
			<ymin>6</ymin>
			<xmax>302</xmax>
			<ymax>251</ymax>
		</bndbox>
	</object>
</annotation>
