<annotation>
	<folder>tmp</folder>
	<filename>part2_001995.jpg</filename>
	<path>D:\study\project\label_hat\dataset\0731\tmp\part2_001995.jpg</path>
	<source>
		<database>Unknown</database>
	</source>
	<size>
		<width>2121</width>
		<height>1414</height>
		<depth>3</depth>
	</size>
	<segmented>0</segmented>
	<object>
		<name>hat</name>
		<pose>Unspecified</pose>
		<truncated>0</truncated>
		<difficult>0</difficult>
		<bndbox>
			<xmin>1308</xmin>
			<ymin>108</ymin>
			<xmax>1702</xmax>
			<ymax>461</ymax>
		</bndbox>
	</object>
</annotation>
