<annotation>
	<folder>tmp</folder>
	<filename>part2_001644.jpg</filename>
	<path>C:\learning\hat\0731\0730_2\0730\tmp\part2_001644.jpg</path>
	<source>
		<database>Unknown</database>
	</source>
	<size>
		<width>872</width>
		<height>550</height>
		<depth>3</depth>
	</size>
	<segmented>0</segmented>
	<object>
		<name>hat</name>
		<pose>Unspecified</pose>
		<truncated>1</truncated>
		<difficult>0</difficult>
		<bndbox>
			<xmin>324</xmin>
			<ymin>1</ymin>
			<xmax>872</xmax>
			<ymax>430</ymax>
		</bndbox>
	</object>
</annotation>
