<annotation>
	<folder>tmp</folder>
	<filename>part2_000187.jpg</filename>
	<path>C:\learning\hat\0730\tmp\part2_000187.jpg</path>
	<source>
		<database>Unknown</database>
	</source>
	<size>
		<width>1200</width>
		<height>628</height>
		<depth>3</depth>
	</size>
	<segmented>0</segmented>
	<object>
		<name>hat</name>
		<pose>Unspecified</pose>
		<truncated>1</truncated>
		<difficult>0</difficult>
		<bndbox>
			<xmin>215</xmin>
			<ymin>1</ymin>
			<xmax>693</xmax>
			<ymax>455</ymax>
		</bndbox>
	</object>
</annotation>
