<annotation>
	<folder>tmp</folder>
	<filename>part2_000126.jpg</filename>
	<path>C:\learning\hat\0730\tmp\part2_000126.jpg</path>
	<source>
		<database>Unknown</database>
	</source>
	<size>
		<width>1600</width>
		<height>1168</height>
		<depth>3</depth>
	</size>
	<segmented>0</segmented>
	<object>
		<name>hat</name>
		<pose>Unspecified</pose>
		<truncated>0</truncated>
		<difficult>0</difficult>
		<bndbox>
			<xmin>888</xmin>
			<ymin>143</ymin>
			<xmax>1195</xmax>
			<ymax>540</ymax>
		</bndbox>
	</object>
	<object>
		<name>hat</name>
		<pose>Unspecified</pose>
		<truncated>1</truncated>
		<difficult>0</difficult>
		<bndbox>
			<xmin>1</xmin>
			<ymin>1</ymin>
			<xmax>303</xmax>
			<ymax>451</ymax>
		</bndbox>
	</object>
</annotation>
