<annotation>
	<folder>pic</folder>
	<filename>01183.jpg</filename>
	<path>C:\Users\Administrator\Desktop\labellmg\pic\01183.jpg</path>
	<source>
		<database>Unknown</database>
	</source>
	<size>
		<width>1258</width>
		<height>715</height>
		<depth>3</depth>
	</size>
	<segmented>0</segmented>
	<object>
		<name>person</name>
		<pose>Unspecified</pose>
		<truncated>0</truncated>
		<difficult>0</difficult>
		<bndbox>
			<xmin>523</xmin>
			<ymin>148</ymin>
			<xmax>549</xmax>
			<ymax>171</ymax>
		</bndbox>
	</object>
</annotation>
