<annotation>
	<folder>500-749</folder>
	<filename>604.jpg</filename>
	<path>/home/shirley/biaozhu/labelImg-master/labelImg-master/500-749/604.jpg</path>
	<source>
		<database>Unknown</database>
	</source>
	<size>
		<width>1005</width>
		<height>561</height>
		<depth>3</depth>
	</size>
	<segmented>0</segmented>
	<object>
    <name>person</name>
		<pose>Unspecified</pose>
		<truncated>0</truncated>
		<difficult>0</difficult>
		<bndbox>
			<xmin>291</xmin>
			<ymin>129</ymin>
			<xmax>306</xmax>
			<ymax>149</ymax>
		</bndbox>
	</object>
	<object>
    <name>person</name>
		<pose>Unspecified</pose>
		<truncated>0</truncated>
		<difficult>0</difficult>
		<bndbox>
			<xmin>313</xmin>
			<ymin>132</ymin>
			<xmax>335</xmax>
			<ymax>154</ymax>
		</bndbox>
	</object>
	<object>
    <name>person</name>
		<pose>Unspecified</pose>
		<truncated>0</truncated>
		<difficult>0</difficult>
		<bndbox>
			<xmin>763</xmin>
			<ymin>67</ymin>
			<xmax>775</xmax>
			<ymax>82</ymax>
		</bndbox>
	</object>
</annotation>
