<annotation>
	<folder>tmp</folder>
	<filename>part2_000972.jpg</filename>
	<path>C:\learning\hat\0730\tmp\part2_000972.jpg</path>
	<source>
		<database>Unknown</database>
	</source>
	<size>
		<width>1781</width>
		<height>1187</height>
		<depth>3</depth>
	</size>
	<segmented>0</segmented>
	<object>
		<name>hat</name>
		<pose>Unspecified</pose>
		<truncated>0</truncated>
		<difficult>0</difficult>
		<bndbox>
			<xmin>696</xmin>
			<ymin>492</ymin>
			<xmax>781</xmax>
			<ymax>600</ymax>
		</bndbox>
	</object>
	<object>
		<name>hat</name>
		<pose>Unspecified</pose>
		<truncated>0</truncated>
		<difficult>0</difficult>
		<bndbox>
			<xmin>958</xmin>
			<ymin>427</ymin>
			<xmax>1038</xmax>
			<ymax>504</ymax>
		</bndbox>
	</object>
	<object>
		<name>hat</name>
		<pose>Unspecified</pose>
		<truncated>0</truncated>
		<difficult>0</difficult>
		<bndbox>
			<xmin>1025</xmin>
			<ymin>403</ymin>
			<xmax>1115</xmax>
			<ymax>515</ymax>
		</bndbox>
	</object>
	<object>
		<name>hat</name>
		<pose>Unspecified</pose>
		<truncated>0</truncated>
		<difficult>0</difficult>
		<bndbox>
			<xmin>1216</xmin>
			<ymin>424</ymin>
			<xmax>1297</xmax>
			<ymax>519</ymax>
		</bndbox>
	</object>
	<object>
		<name>hat</name>
		<pose>Unspecified</pose>
		<truncated>0</truncated>
		<difficult>0</difficult>
		<bndbox>
			<xmin>475</xmin>
			<ymin>429</ymin>
			<xmax>554</xmax>
			<ymax>543</ymax>
		</bndbox>
	</object>
	<object>
		<name>hat</name>
		<pose>Unspecified</pose>
		<truncated>0</truncated>
		<difficult>0</difficult>
		<bndbox>
			<xmin>199</xmin>
			<ymin>385</ymin>
			<xmax>299</xmax>
			<ymax>503</ymax>
		</bndbox>
	</object>
</annotation>
