<annotation>
	<folder>tmp</folder>
	<filename>part2_001613.jpg</filename>
	<path>C:\learning\hat\0731\0730_2\0730\tmp\part2_001613.jpg</path>
	<source>
		<database>Unknown</database>
	</source>
	<size>
		<width>1333</width>
		<height>1000</height>
		<depth>3</depth>
	</size>
	<segmented>0</segmented>
	<object>
		<name>hat</name>
		<pose>Unspecified</pose>
		<truncated>0</truncated>
		<difficult>0</difficult>
		<bndbox>
			<xmin>209</xmin>
			<ymin>68</ymin>
			<xmax>549</xmax>
			<ymax>447</ymax>
		</bndbox>
	</object>
	<object>
		<name>hat</name>
		<pose>Unspecified</pose>
		<truncated>0</truncated>
		<difficult>0</difficult>
		<bndbox>
			<xmin>726</xmin>
			<ymin>40</ymin>
			<xmax>989</xmax>
			<ymax>361</ymax>
		</bndbox>
	</object>
</annotation>
