<annotation>
	<folder>pic</folder>
	<filename>01266.jpg</filename>
	<path>C:\Users\Administrator\Desktop\labellmg\pic\01266.jpg</path>
	<source>
		<database>Unknown</database>
	</source>
	<size>
		<width>1031</width>
		<height>589</height>
		<depth>3</depth>
	</size>
	<segmented>0</segmented>
	<object>
		<name>person</name>
		<pose>Unspecified</pose>
		<truncated>0</truncated>
		<difficult>0</difficult>
		<bndbox>
			<xmin>913</xmin>
			<ymin>87</ymin>
			<xmax>925</xmax>
			<ymax>104</ymax>
		</bndbox>
	</object>
</annotation>
