<annotation>
	<folder>tmp</folder>
	<filename>part2_000160.jpg</filename>
	<path>C:\learning\hat\0730\tmp\part2_000160.jpg</path>
	<source>
		<database>Unknown</database>
	</source>
	<size>
		<width>300</width>
		<height>300</height>
		<depth>3</depth>
	</size>
	<segmented>0</segmented>
	<object>
		<name>hat</name>
		<pose>Unspecified</pose>
		<truncated>0</truncated>
		<difficult>0</difficult>
		<bndbox>
			<xmin>40</xmin>
			<ymin>8</ymin>
			<xmax>255</xmax>
			<ymax>252</ymax>
		</bndbox>
	</object>
</annotation>
