<annotation>
	<folder>250-499</folder>
	<filename>341.jpg</filename>
	<path>/home/pengdezhi/数据标注/250-499/341.jpg</path>
	<source>
		<database>Unknown</database>
	</source>
	<size>
		<width>950</width>
		<height>531</height>
		<depth>3</depth>
	</size>
	<segmented>0</segmented>
	<object>
    <name>person</name>
		<pose>Unspecified</pose>
		<truncated>0</truncated>
		<difficult>0</difficult>
		<bndbox>
			<xmin>827</xmin>
			<ymin>77</ymin>
			<xmax>841</xmax>
			<ymax>91</ymax>
		</bndbox>
	</object>
</annotation>
