<annotation>
	<folder>tmp</folder>
	<filename>part2_000777.jpg</filename>
	<path>C:\learning\hat\0730\tmp\part2_000777.jpg</path>
	<source>
		<database>Unknown</database>
	</source>
	<size>
		<width>800</width>
		<height>537</height>
		<depth>3</depth>
	</size>
	<segmented>0</segmented>
	<object>
		<name>hat</name>
		<pose>Unspecified</pose>
		<truncated>0</truncated>
		<difficult>0</difficult>
		<bndbox>
			<xmin>244</xmin>
			<ymin>150</ymin>
			<xmax>381</xmax>
			<ymax>351</ymax>
		</bndbox>
	</object>
	<object>
		<name>hat</name>
		<pose>Unspecified</pose>
		<truncated>0</truncated>
		<difficult>0</difficult>
		<bndbox>
			<xmin>114</xmin>
			<ymin>236</ymin>
			<xmax>181</xmax>
			<ymax>306</ymax>
		</bndbox>
	</object>
</annotation>
