<annotation>
	<folder>750-999</folder>
	<filename>803.jpg</filename>
	<path>/media/zrcai/study/lab/0818data/750-999/750-999/803.jpg</path>
	<source>
		<database>Unknown</database>
	</source>
	<size>
		<width>944</width>
		<height>530</height>
		<depth>3</depth>
	</size>
	<segmented>0</segmented>
	<object>
    <name>person</name>
		<pose>Unspecified</pose>
		<truncated>0</truncated>
		<difficult>0</difficult>
		<bndbox>
			<xmin>838</xmin>
			<ymin>103</ymin>
			<xmax>854</xmax>
			<ymax>123</ymax>
		</bndbox>
	</object>
	<object>
    <name>person</name>
		<pose>Unspecified</pose>
		<truncated>0</truncated>
		<difficult>0</difficult>
		<bndbox>
			<xmin>611</xmin>
			<ymin>56</ymin>
			<xmax>623</xmax>
			<ymax>74</ymax>
		</bndbox>
	</object>
</annotation>
