<annotation>
	<folder>tmp</folder>
	<filename>part2_000320.jpg</filename>
	<path>C:\learning\hat\0730\tmp\part2_000320.jpg</path>
	<source>
		<database>Unknown</database>
	</source>
	<size>
		<width>2400</width>
		<height>1000</height>
		<depth>3</depth>
	</size>
	<segmented>0</segmented>
	<object>
		<name>hat</name>
		<pose>Unspecified</pose>
		<truncated>1</truncated>
		<difficult>0</difficult>
		<bndbox>
			<xmin>1088</xmin>
			<ymin>1</ymin>
			<xmax>1567</xmax>
			<ymax>406</ymax>
		</bndbox>
	</object>
</annotation>
