<annotation>
	<folder>tmp</folder>
	<filename>part2_002144.jpg</filename>
	<path>D:\study\project\label_hat\dataset\0731\tmp\part2_002144.jpg</path>
	<source>
		<database>Unknown</database>
	</source>
	<size>
		<width>1600</width>
		<height>1160</height>
		<depth>3</depth>
	</size>
	<segmented>0</segmented>
	<object>
		<name>hat</name>
		<pose>Unspecified</pose>
		<truncated>0</truncated>
		<difficult>0</difficult>
		<bndbox>
			<xmin>359</xmin>
			<ymin>228</ymin>
			<xmax>581</xmax>
			<ymax>495</ymax>
		</bndbox>
	</object>
	<object>
		<name>hat</name>
		<pose>Unspecified</pose>
		<truncated>0</truncated>
		<difficult>0</difficult>
		<bndbox>
			<xmin>774</xmin>
			<ymin>340</ymin>
			<xmax>974</xmax>
			<ymax>573</ymax>
		</bndbox>
	</object>
	<object>
		<name>hat</name>
		<pose>Unspecified</pose>
		<truncated>0</truncated>
		<difficult>0</difficult>
		<bndbox>
			<xmin>1146</xmin>
			<ymin>220</ymin>
			<xmax>1351</xmax>
			<ymax>488</ymax>
		</bndbox>
	</object>
</annotation>
