<annotation>
	<folder>tmp</folder>
	<filename>part2_002230.jpg</filename>
	<path>D:\study\project\label_hat\dataset\0731\tmp\part2_002230.jpg</path>
	<source>
		<database>Unknown</database>
	</source>
	<size>
		<width>1080</width>
		<height>1080</height>
		<depth>3</depth>
	</size>
	<segmented>0</segmented>
	<object>
		<name>hat</name>
		<pose>Unspecified</pose>
		<truncated>1</truncated>
		<difficult>0</difficult>
		<bndbox>
			<xmin>185</xmin>
			<ymin>1</ymin>
			<xmax>912</xmax>
			<ymax>865</ymax>
		</bndbox>
	</object>
</annotation>
