<annotation>
	<folder>tmp</folder>
	<filename>part2_001345.jpg</filename>
	<path>H:\dataset\0730_2\0730\tmp\part2_001345.jpg</path>
	<source>
		<database>Unknown</database>
	</source>
	<size>
		<width>1200</width>
		<height>808</height>
		<depth>3</depth>
	</size>
	<segmented>0</segmented>
	<object>
		<name>hat</name>
		<pose>Unspecified</pose>
		<truncated>0</truncated>
		<difficult>0</difficult>
		<bndbox>
			<xmin>672</xmin>
			<ymin>154</ymin>
			<xmax>904</xmax>
			<ymax>458</ymax>
		</bndbox>
	</object>
	<object>
		<name>hat</name>
		<pose>Unspecified</pose>
		<truncated>0</truncated>
		<difficult>0</difficult>
		<bndbox>
			<xmin>328</xmin>
			<ymin>45</ymin>
			<xmax>618</xmax>
			<ymax>436</ymax>
		</bndbox>
	</object>
	<object>
		<name>hat</name>
		<pose>Unspecified</pose>
		<truncated>0</truncated>
		<difficult>0</difficult>
		<bndbox>
			<xmin>1030</xmin>
			<ymin>279</ymin>
			<xmax>1121</xmax>
			<ymax>373</ymax>
		</bndbox>
	</object>
	<object>
		<name>hat</name>
		<pose>Unspecified</pose>
		<truncated>0</truncated>
		<difficult>0</difficult>
		<bndbox>
			<xmin>1116</xmin>
			<ymin>303</ymin>
			<xmax>1186</xmax>
			<ymax>397</ymax>
		</bndbox>
	</object>
</annotation>
