<annotation>
	<folder>tmp</folder>
	<filename>part2_001485.jpg</filename>
	<path>H:\dataset\0730_2\0730\tmp\part2_001485.jpg</path>
	<source>
		<database>Unknown</database>
	</source>
	<size>
		<width>1500</width>
		<height>756</height>
		<depth>3</depth>
	</size>
	<segmented>0</segmented>
	<object>
		<name>hat</name>
		<pose>Unspecified</pose>
		<truncated>0</truncated>
		<difficult>0</difficult>
		<bndbox>
			<xmin>928</xmin>
			<ymin>138</ymin>
			<xmax>1198</xmax>
			<ymax>432</ymax>
		</bndbox>
	</object>
	<object>
		<name>hat</name>
		<pose>Unspecified</pose>
		<truncated>0</truncated>
		<difficult>0</difficult>
		<bndbox>
			<xmin>689</xmin>
			<ymin>486</ymin>
			<xmax>719</xmax>
			<ymax>528</ymax>
		</bndbox>
	</object>
	<object>
		<name>hat</name>
		<pose>Unspecified</pose>
		<truncated>0</truncated>
		<difficult>0</difficult>
		<bndbox>
			<xmin>577</xmin>
			<ymin>458</ymin>
			<xmax>626</xmax>
			<ymax>514</ymax>
		</bndbox>
	</object>
</annotation>
