<annotation>
	<folder>tmp</folder>
	<filename>part2_001492.jpg</filename>
	<path>H:\dataset\0730_2\0730\tmp\part2_001492.jpg</path>
	<source>
		<database>Unknown</database>
	</source>
	<size>
		<width>640</width>
		<height>472</height>
		<depth>3</depth>
	</size>
	<segmented>0</segmented>
	<object>
		<name>hat</name>
		<pose>Unspecified</pose>
		<truncated>0</truncated>
		<difficult>0</difficult>
		<bndbox>
			<xmin>245</xmin>
			<ymin>63</ymin>
			<xmax>288</xmax>
			<ymax>111</ymax>
		</bndbox>
	</object>
	<object>
		<name>hat</name>
		<pose>Unspecified</pose>
		<truncated>0</truncated>
		<difficult>0</difficult>
		<bndbox>
			<xmin>386</xmin>
			<ymin>92</ymin>
			<xmax>469</xmax>
			<ymax>168</ymax>
		</bndbox>
	</object>
</annotation>
