<annotation>
	<folder>JPEGImages</folder>
	<filename>part2_001005.jpg</filename>
	<path>C:\learning\dataset\VOC2024\JPEGImages\part2_001005.jpg</path>
	<source>
		<database>Unknown</database>
	</source>
	<size>
		<width>1000</width>
		<height>1000</height>
		<depth>3</depth>
	</size>
	<segmented>0</segmented>
	<object>
		<name>hat</name>
		<pose>Unspecified</pose>
		<truncated>1</truncated>
		<difficult>0</difficult>
		<bndbox>
			<xmin>1</xmin>
			<ymin>65</ymin>
			<xmax>705</xmax>
			<ymax>844</ymax>
		</bndbox>
	</object>
</annotation>
