<annotation>
	<folder>pic</folder>
	<filename>01385.jpg</filename>
	<path>C:\Users\Administrator\Desktop\labellmg\pic\01385.jpg</path>
	<source>
		<database>Unknown</database>
	</source>
	<size>
		<width>1248</width>
		<height>719</height>
		<depth>3</depth>
	</size>
	<segmented>0</segmented>
	<object>
		<name>person</name>
		<pose>Unspecified</pose>
		<truncated>0</truncated>
		<difficult>0</difficult>
		<bndbox>
			<xmin>49</xmin>
			<ymin>229</ymin>
			<xmax>69</xmax>
			<ymax>244</ymax>
		</bndbox>
	</object>
	<object>
		<name>person</name>
		<pose>Unspecified</pose>
		<truncated>0</truncated>
		<difficult>0</difficult>
		<bndbox>
			<xmin>124</xmin>
			<ymin>203</ymin>
			<xmax>148</xmax>
			<ymax>227</ymax>
		</bndbox>
	</object>
</annotation>
