<annotation>
	<folder>tmp</folder>
	<filename>part2_001914.jpg</filename>
	<path>D:\study\project\label_hat\dataset\0731\tmp\part2_001914.jpg</path>
	<source>
		<database>Unknown</database>
	</source>
	<size>
		<width>444</width>
		<height>284</height>
		<depth>3</depth>
	</size>
	<segmented>0</segmented>
	<object>
		<name>hat</name>
		<pose>Unspecified</pose>
		<truncated>0</truncated>
		<difficult>0</difficult>
		<bndbox>
			<xmin>203</xmin>
			<ymin>48</ymin>
			<xmax>256</xmax>
			<ymax>121</ymax>
		</bndbox>
	</object>
	<object>
		<name>hat</name>
		<pose>Unspecified</pose>
		<truncated>0</truncated>
		<difficult>0</difficult>
		<bndbox>
			<xmin>309</xmin>
			<ymin>18</ymin>
			<xmax>367</xmax>
			<ymax>89</ymax>
		</bndbox>
	</object>
	<object>
		<name>hat</name>
		<pose>Unspecified</pose>
		<truncated>0</truncated>
		<difficult>0</difficult>
		<bndbox>
			<xmin>79</xmin>
			<ymin>49</ymin>
			<xmax>136</xmax>
			<ymax>124</ymax>
		</bndbox>
	</object>
</annotation>
