<annotation verified="no">
  <folder>0-249</folder>
  <filename>130</filename>
  <path>/home/szk/data/0-249/130.jpg</path>
  <source>
    <database>Unknown</database>
  </source>
  <size>
    <width>1028</width>
    <height>573</height>
    <depth>3</depth>
  </size>
  <segmented>0</segmented>
  <object>
    <name>person</name>
    <pose>Unspecified</pose>
    <truncated>0</truncated>
    <difficult>0</difficult>
    <bndbox>
      <xmin>655</xmin>
      <ymin>58</ymin>
      <xmax>671</xmax>
      <ymax>77</ymax>
    </bndbox>
  </object>
  <object>
    <name>person</name>
    <pose>Unspecified</pose>
    <truncated>0</truncated>
    <difficult>0</difficult>
    <bndbox>
      <xmin>763</xmin>
      <ymin>71</ymin>
      <xmax>776</xmax>
      <ymax>90</ymax>
    </bndbox>
  </object>
  <object>
    <name>person</name>
    <pose>Unspecified</pose>
    <truncated>0</truncated>
    <difficult>0</difficult>
    <bndbox>
      <xmin>778</xmin>
      <ymin>76</ymin>
      <xmax>795</xmax>
      <ymax>94</ymax>
    </bndbox>
  </object>
  <object>
    <name>person</name>
    <pose>Unspecified</pose>
    <truncated>0</truncated>
    <difficult>0</difficult>
    <bndbox>
      <xmin>903</xmin>
      <ymin>112</ymin>
      <xmax>919</xmax>
      <ymax>136</ymax>
    </bndbox>
  </object>
</annotation>
