<annotation>
	<folder>tmp</folder>
	<filename>part2_001135.jpg</filename>
	<path>H:\dataset\0730_2\0730\tmp\part2_001135.jpg</path>
	<source>
		<database>Unknown</database>
	</source>
	<size>
		<width>480</width>
		<height>360</height>
		<depth>3</depth>
	</size>
	<segmented>0</segmented>
	<object>
		<name>hat</name>
		<pose>Unspecified</pose>
		<truncated>0</truncated>
		<difficult>0</difficult>
		<bndbox>
			<xmin>115</xmin>
			<ymin>49</ymin>
			<xmax>216</xmax>
			<ymax>146</ymax>
		</bndbox>
	</object>
</annotation>
