<annotation>
	<folder>tmp</folder>
	<filename>part2_002242.jpg</filename>
	<path>D:\study\project\label_hat\dataset\0731\tmp\part2_002242.jpg</path>
	<source>
		<database>Unknown</database>
	</source>
	<size>
		<width>1200</width>
		<height>800</height>
		<depth>3</depth>
	</size>
	<segmented>0</segmented>
	<object>
		<name>hat</name>
		<pose>Unspecified</pose>
		<truncated>0</truncated>
		<difficult>0</difficult>
		<bndbox>
			<xmin>708</xmin>
			<ymin>50</ymin>
			<xmax>894</xmax>
			<ymax>291</ymax>
		</bndbox>
	</object>
	<object>
		<name>hat</name>
		<pose>Unspecified</pose>
		<truncated>0</truncated>
		<difficult>0</difficult>
		<bndbox>
			<xmin>261</xmin>
			<ymin>191</ymin>
			<xmax>478</xmax>
			<ymax>441</ymax>
		</bndbox>
	</object>
</annotation>
