<annotation>
	<folder>tmp</folder>
	<filename>part2_000811.jpg</filename>
	<path>C:\learning\hat\0730\tmp\part2_000811.jpg</path>
	<source>
		<database>Unknown</database>
	</source>
	<size>
		<width>1398</width>
		<height>1344</height>
		<depth>3</depth>
	</size>
	<segmented>0</segmented>
	<object>
		<name>hat</name>
		<pose>Unspecified</pose>
		<truncated>0</truncated>
		<difficult>0</difficult>
		<bndbox>
			<xmin>548</xmin>
			<ymin>308</ymin>
			<xmax>926</xmax>
			<ymax>744</ymax>
		</bndbox>
	</object>
</annotation>
