<annotation>
	<folder>tmp</folder>
	<filename>part2_000887.jpg</filename>
	<path>C:\learning\hat\0730\tmp\part2_000887.jpg</path>
	<source>
		<database>Unknown</database>
	</source>
	<size>
		<width>998</width>
		<height>398</height>
		<depth>3</depth>
	</size>
	<segmented>0</segmented>
	<object>
		<name>hat</name>
		<pose>Unspecified</pose>
		<truncated>0</truncated>
		<difficult>0</difficult>
		<bndbox>
			<xmin>496</xmin>
			<ymin>113</ymin>
			<xmax>533</xmax>
			<ymax>155</ymax>
		</bndbox>
	</object>
	<object>
		<name>hat</name>
		<pose>Unspecified</pose>
		<truncated>0</truncated>
		<difficult>0</difficult>
		<bndbox>
			<xmin>694</xmin>
			<ymin>144</ymin>
			<xmax>769</xmax>
			<ymax>236</ymax>
		</bndbox>
	</object>
	<object>
		<name>hat</name>
		<pose>Unspecified</pose>
		<truncated>0</truncated>
		<difficult>0</difficult>
		<bndbox>
			<xmin>674</xmin>
			<ymin>48</ymin>
			<xmax>753</xmax>
			<ymax>130</ymax>
		</bndbox>
	</object>
</annotation>
