<annotation>
	<folder>500-749</folder>
	<filename>731.jpg</filename>
	<path>/home/shirley/biaozhu/labelImg-master/labelImg-master/500-749/731.jpg</path>
	<source>
		<database>Unknown</database>
	</source>
	<size>
		<width>1257</width>
		<height>717</height>
		<depth>3</depth>
	</size>
	<segmented>0</segmented>
	<object>
    <name>person</name>
		<pose>Unspecified</pose>
		<truncated>0</truncated>
		<difficult>0</difficult>
		<bndbox>
			<xmin>307</xmin>
			<ymin>180</ymin>
			<xmax>325</xmax>
			<ymax>200</ymax>
		</bndbox>
	</object>
	<object>
    <name>person</name>
		<pose>Unspecified</pose>
		<truncated>0</truncated>
		<difficult>0</difficult>
		<bndbox>
			<xmin>1018</xmin>
			<ymin>257</ymin>
			<xmax>1051</xmax>
			<ymax>310</ymax>
		</bndbox>
	</object>
</annotation>
