<annotation>
	<folder>500-749</folder>
	<filename>575.jpg</filename>
	<path>/home/shirley/biaozhu/labelImg-master/labelImg-master/500-749/575.jpg</path>
	<source>
		<database>Unknown</database>
	</source>
	<size>
		<width>999</width>
		<height>568</height>
		<depth>3</depth>
	</size>
	<segmented>0</segmented>
	<object>
    <name>person</name>
		<pose>Unspecified</pose>
		<truncated>0</truncated>
		<difficult>0</difficult>
		<bndbox>
			<xmin>248</xmin>
			<ymin>195</ymin>
			<xmax>303</xmax>
			<ymax>243</ymax>
		</bndbox>
	</object>
	<object>
    <name>person</name>
		<pose>Unspecified</pose>
		<truncated>0</truncated>
		<difficult>0</difficult>
		<bndbox>
			<xmin>336</xmin>
			<ymin>142</ymin>
			<xmax>351</xmax>
			<ymax>161</ymax>
		</bndbox>
	</object>
	<object>
    <name>person</name>
		<pose>Unspecified</pose>
		<truncated>0</truncated>
		<difficult>0</difficult>
		<bndbox>
			<xmin>411</xmin>
			<ymin>139</ymin>
			<xmax>430</xmax>
			<ymax>158</ymax>
		</bndbox>
	</object>
	<object>
    <name>person</name>
		<pose>Unspecified</pose>
		<truncated>0</truncated>
		<difficult>0</difficult>
		<bndbox>
			<xmin>374</xmin>
			<ymin>99</ymin>
			<xmax>394</xmax>
			<ymax>117</ymax>
		</bndbox>
	</object>
	<object>
    <name>person</name>
		<pose>Unspecified</pose>
		<truncated>0</truncated>
		<difficult>0</difficult>
		<bndbox>
			<xmin>403</xmin>
			<ymin>88</ymin>
			<xmax>419</xmax>
			<ymax>102</ymax>
		</bndbox>
	</object>
	<object>
    <name>person</name>
		<pose>Unspecified</pose>
		<truncated>0</truncated>
		<difficult>0</difficult>
		<bndbox>
			<xmin>411</xmin>
			<ymin>109</ymin>
			<xmax>425</xmax>
			<ymax>127</ymax>
		</bndbox>
	</object>
	<object>
    <name>person</name>
		<pose>Unspecified</pose>
		<truncated>0</truncated>
		<difficult>0</difficult>
		<bndbox>
			<xmin>427</xmin>
			<ymin>92</ymin>
			<xmax>443</xmax>
			<ymax>108</ymax>
		</bndbox>
	</object>
	<object>
    <name>person</name>
		<pose>Unspecified</pose>
		<truncated>0</truncated>
		<difficult>0</difficult>
		<bndbox>
			<xmin>429</xmin>
			<ymin>112</ymin>
			<xmax>444</xmax>
			<ymax>131</ymax>
		</bndbox>
	</object>
	<object>
    <name>person</name>
		<pose>Unspecified</pose>
		<truncated>0</truncated>
		<difficult>0</difficult>
		<bndbox>
			<xmin>448</xmin>
			<ymin>89</ymin>
			<xmax>466</xmax>
			<ymax>107</ymax>
		</bndbox>
	</object>
	<object>
    <name>person</name>
		<pose>Unspecified</pose>
		<truncated>0</truncated>
		<difficult>0</difficult>
		<bndbox>
			<xmin>486</xmin>
			<ymin>71</ymin>
			<xmax>498</xmax>
			<ymax>86</ymax>
		</bndbox>
	</object>
	<object>
    <name>person</name>
		<pose>Unspecified</pose>
		<truncated>0</truncated>
		<difficult>0</difficult>
		<bndbox>
			<xmin>511</xmin>
			<ymin>59</ymin>
			<xmax>524</xmax>
			<ymax>74</ymax>
		</bndbox>
	</object>
	<object>
    <name>person</name>
		<pose>Unspecified</pose>
		<truncated>0</truncated>
		<difficult>0</difficult>
		<bndbox>
			<xmin>470</xmin>
			<ymin>94</ymin>
			<xmax>489</xmax>
			<ymax>114</ymax>
		</bndbox>
	</object>
	<object>
    <name>person</name>
		<pose>Unspecified</pose>
		<truncated>0</truncated>
		<difficult>0</difficult>
		<bndbox>
			<xmin>461</xmin>
			<ymin>113</ymin>
			<xmax>476</xmax>
			<ymax>129</ymax>
		</bndbox>
	</object>
	<object>
    <name>person</name>
		<pose>Unspecified</pose>
		<truncated>0</truncated>
		<difficult>0</difficult>
		<bndbox>
			<xmin>501</xmin>
			<ymin>115</ymin>
			<xmax>517</xmax>
			<ymax>134</ymax>
		</bndbox>
	</object>
	<object>
    <name>person</name>
		<pose>Unspecified</pose>
		<truncated>0</truncated>
		<difficult>0</difficult>
		<bndbox>
			<xmin>532</xmin>
			<ymin>107</ymin>
			<xmax>547</xmax>
			<ymax>126</ymax>
		</bndbox>
	</object>
	<object>
    <name>person</name>
		<pose>Unspecified</pose>
		<truncated>0</truncated>
		<difficult>0</difficult>
		<bndbox>
			<xmin>537</xmin>
			<ymin>84</ymin>
			<xmax>549</xmax>
			<ymax>100</ymax>
		</bndbox>
	</object>
	<object>
    <name>person</name>
		<pose>Unspecified</pose>
		<truncated>0</truncated>
		<difficult>0</difficult>
		<bndbox>
			<xmin>538</xmin>
			<ymin>68</ymin>
			<xmax>554</xmax>
			<ymax>86</ymax>
		</bndbox>
	</object>
	<object>
    <name>person</name>
		<pose>Unspecified</pose>
		<truncated>0</truncated>
		<difficult>0</difficult>
		<bndbox>
			<xmin>576</xmin>
			<ymin>59</ymin>
			<xmax>587</xmax>
			<ymax>74</ymax>
		</bndbox>
	</object>
	<object>
    <name>person</name>
		<pose>Unspecified</pose>
		<truncated>0</truncated>
		<difficult>0</difficult>
		<bndbox>
			<xmin>580</xmin>
			<ymin>87</ymin>
			<xmax>594</xmax>
			<ymax>111</ymax>
		</bndbox>
	</object>
	<object>
    <name>person</name>
		<pose>Unspecified</pose>
		<truncated>0</truncated>
		<difficult>0</difficult>
		<bndbox>
			<xmin>579</xmin>
			<ymin>138</ymin>
			<xmax>596</xmax>
			<ymax>164</ymax>
		</bndbox>
	</object>
	<object>
    <name>person</name>
		<pose>Unspecified</pose>
		<truncated>0</truncated>
		<difficult>0</difficult>
		<bndbox>
			<xmin>587</xmin>
			<ymin>92</ymin>
			<xmax>604</xmax>
			<ymax>109</ymax>
		</bndbox>
	</object>
	<object>
    <name>person</name>
		<pose>Unspecified</pose>
		<truncated>0</truncated>
		<difficult>0</difficult>
		<bndbox>
			<xmin>560</xmin>
			<ymin>91</ymin>
			<xmax>574</xmax>
			<ymax>107</ymax>
		</bndbox>
	</object>
	<object>
    <name>person</name>
		<pose>Unspecified</pose>
		<truncated>0</truncated>
		<difficult>0</difficult>
		<bndbox>
			<xmin>617</xmin>
			<ymin>53</ymin>
			<xmax>628</xmax>
			<ymax>65</ymax>
		</bndbox>
	</object>
	<object>
    <name>person</name>
		<pose>Unspecified</pose>
		<truncated>0</truncated>
		<difficult>0</difficult>
		<bndbox>
			<xmin>604</xmin>
			<ymin>67</ymin>
			<xmax>614</xmax>
			<ymax>84</ymax>
		</bndbox>
	</object>
	<object>
    <name>person</name>
		<pose>Unspecified</pose>
		<truncated>0</truncated>
		<difficult>0</difficult>
		<bndbox>
			<xmin>618</xmin>
			<ymin>71</ymin>
			<xmax>634</xmax>
			<ymax>91</ymax>
		</bndbox>
	</object>
	<object>
    <name>person</name>
		<pose>Unspecified</pose>
		<truncated>0</truncated>
		<difficult>0</difficult>
		<bndbox>
			<xmin>658</xmin>
			<ymin>55</ymin>
			<xmax>672</xmax>
			<ymax>74</ymax>
		</bndbox>
	</object>
	<object>
    <name>person</name>
		<pose>Unspecified</pose>
		<truncated>0</truncated>
		<difficult>0</difficult>
		<bndbox>
			<xmin>707</xmin>
			<ymin>53</ymin>
			<xmax>724</xmax>
			<ymax>72</ymax>
		</bndbox>
	</object>
	<object>
    <name>person</name>
		<pose>Unspecified</pose>
		<truncated>0</truncated>
		<difficult>0</difficult>
		<bndbox>
			<xmin>685</xmin>
			<ymin>64</ymin>
			<xmax>698</xmax>
			<ymax>81</ymax>
		</bndbox>
	</object>
	<object>
    <name>person</name>
		<pose>Unspecified</pose>
		<truncated>0</truncated>
		<difficult>0</difficult>
		<bndbox>
			<xmin>630</xmin>
			<ymin>115</ymin>
			<xmax>653</xmax>
			<ymax>148</ymax>
		</bndbox>
	</object>
	<object>
    <name>person</name>
		<pose>Unspecified</pose>
		<truncated>0</truncated>
		<difficult>0</difficult>
		<bndbox>
			<xmin>642</xmin>
			<ymin>162</ymin>
			<xmax>666</xmax>
			<ymax>192</ymax>
		</bndbox>
	</object>
	<object>
    <name>person</name>
		<pose>Unspecified</pose>
		<truncated>0</truncated>
		<difficult>0</difficult>
		<bndbox>
			<xmin>693</xmin>
			<ymin>175</ymin>
			<xmax>717</xmax>
			<ymax>204</ymax>
		</bndbox>
	</object>
	<object>
    <name>person</name>
		<pose>Unspecified</pose>
		<truncated>0</truncated>
		<difficult>0</difficult>
		<bndbox>
			<xmin>723</xmin>
			<ymin>141</ymin>
			<xmax>745</xmax>
			<ymax>171</ymax>
		</bndbox>
	</object>
	<object>
    <name>person</name>
		<pose>Unspecified</pose>
		<truncated>0</truncated>
		<difficult>0</difficult>
		<bndbox>
			<xmin>679</xmin>
			<ymin>106</ymin>
			<xmax>699</xmax>
			<ymax>127</ymax>
		</bndbox>
	</object>
	<object>
    <name>person</name>
		<pose>Unspecified</pose>
		<truncated>0</truncated>
		<difficult>0</difficult>
		<bndbox>
			<xmin>711</xmin>
			<ymin>97</ymin>
			<xmax>726</xmax>
			<ymax>119</ymax>
		</bndbox>
	</object>
	<object>
    <name>person</name>
		<pose>Unspecified</pose>
		<truncated>0</truncated>
		<difficult>0</difficult>
		<bndbox>
			<xmin>733</xmin>
			<ymin>88</ymin>
			<xmax>750</xmax>
			<ymax>114</ymax>
		</bndbox>
	</object>
	<object>
    <name>person</name>
		<pose>Unspecified</pose>
		<truncated>0</truncated>
		<difficult>0</difficult>
		<bndbox>
			<xmin>750</xmin>
			<ymin>75</ymin>
			<xmax>763</xmax>
			<ymax>99</ymax>
		</bndbox>
	</object>
	<object>
    <name>person</name>
		<pose>Unspecified</pose>
		<truncated>0</truncated>
		<difficult>0</difficult>
		<bndbox>
			<xmin>773</xmin>
			<ymin>68</ymin>
			<xmax>787</xmax>
			<ymax>93</ymax>
		</bndbox>
	</object>
	<object>
    <name>person</name>
		<pose>Unspecified</pose>
		<truncated>0</truncated>
		<difficult>0</difficult>
		<bndbox>
			<xmin>758</xmin>
			<ymin>104</ymin>
			<xmax>776</xmax>
			<ymax>125</ymax>
		</bndbox>
	</object>
	<object>
    <name>person</name>
		<pose>Unspecified</pose>
		<truncated>0</truncated>
		<difficult>0</difficult>
		<bndbox>
			<xmin>772</xmin>
			<ymin>122</ymin>
			<xmax>790</xmax>
			<ymax>142</ymax>
		</bndbox>
	</object>
	<object>
    <name>person</name>
		<pose>Unspecified</pose>
		<truncated>0</truncated>
		<difficult>0</difficult>
		<bndbox>
			<xmin>782</xmin>
			<ymin>99</ymin>
			<xmax>794</xmax>
			<ymax>114</ymax>
		</bndbox>
	</object>
	<object>
    <name>person</name>
		<pose>Unspecified</pose>
		<truncated>0</truncated>
		<difficult>0</difficult>
		<bndbox>
			<xmin>789</xmin>
			<ymin>78</ymin>
			<xmax>809</xmax>
			<ymax>103</ymax>
		</bndbox>
	</object>
	<object>
    <name>person</name>
		<pose>Unspecified</pose>
		<truncated>0</truncated>
		<difficult>0</difficult>
		<bndbox>
			<xmin>787</xmin>
			<ymin>112</ymin>
			<xmax>805</xmax>
			<ymax>136</ymax>
		</bndbox>
	</object>
	<object>
    <name>person</name>
		<pose>Unspecified</pose>
		<truncated>0</truncated>
		<difficult>0</difficult>
		<bndbox>
			<xmin>841</xmin>
			<ymin>84</ymin>
			<xmax>856</xmax>
			<ymax>105</ymax>
		</bndbox>
	</object>
	<object>
    <name>person</name>
		<pose>Unspecified</pose>
		<truncated>0</truncated>
		<difficult>0</difficult>
		<bndbox>
			<xmin>876</xmin>
			<ymin>79</ymin>
			<xmax>892</xmax>
			<ymax>98</ymax>
		</bndbox>
	</object>
	<object>
    <name>person</name>
		<pose>Unspecified</pose>
		<truncated>0</truncated>
		<difficult>0</difficult>
		<bndbox>
			<xmin>825</xmin>
			<ymin>143</ymin>
			<xmax>848</xmax>
			<ymax>163</ymax>
		</bndbox>
	</object>
	<object>
    <name>person</name>
		<pose>Unspecified</pose>
		<truncated>0</truncated>
		<difficult>0</difficult>
		<bndbox>
			<xmin>841</xmin>
			<ymin>116</ymin>
			<xmax>857</xmax>
			<ymax>139</ymax>
		</bndbox>
	</object>
	<object>
    <name>person</name>
		<pose>Unspecified</pose>
		<truncated>0</truncated>
		<difficult>0</difficult>
		<bndbox>
			<xmin>866</xmin>
			<ymin>100</ymin>
			<xmax>883</xmax>
			<ymax>120</ymax>
		</bndbox>
	</object>
	<object>
    <name>person</name>
		<pose>Unspecified</pose>
		<truncated>0</truncated>
		<difficult>0</difficult>
		<bndbox>
			<xmin>901</xmin>
			<ymin>108</ymin>
			<xmax>917</xmax>
			<ymax>130</ymax>
		</bndbox>
	</object>
	<object>
    <name>person</name>
		<pose>Unspecified</pose>
		<truncated>0</truncated>
		<difficult>0</difficult>
		<bndbox>
			<xmin>877</xmin>
			<ymin>140</ymin>
			<xmax>898</xmax>
			<ymax>167</ymax>
		</bndbox>
	</object>
	<object>
    <name>person</name>
		<pose>Unspecified</pose>
		<truncated>0</truncated>
		<difficult>0</difficult>
		<bndbox>
			<xmin>871</xmin>
			<ymin>170</ymin>
			<xmax>891</xmax>
			<ymax>196</ymax>
		</bndbox>
	</object>
	<object>
    <name>person</name>
		<pose>Unspecified</pose>
		<truncated>0</truncated>
		<difficult>0</difficult>
		<bndbox>
			<xmin>929</xmin>
			<ymin>160</ymin>
			<xmax>950</xmax>
			<ymax>184</ymax>
		</bndbox>
	</object>
	<object>
    <name>person</name>
		<pose>Unspecified</pose>
		<truncated>0</truncated>
		<difficult>0</difficult>
		<bndbox>
			<xmin>934</xmin>
			<ymin>126</ymin>
			<xmax>952</xmax>
			<ymax>149</ymax>
		</bndbox>
	</object>
	<object>
    <name>person</name>
		<pose>Unspecified</pose>
		<truncated>0</truncated>
		<difficult>0</difficult>
		<bndbox>
			<xmin>937</xmin>
			<ymin>107</ymin>
			<xmax>951</xmax>
			<ymax>127</ymax>
		</bndbox>
	</object>
	<object>
    <name>person</name>
		<pose>Unspecified</pose>
		<truncated>0</truncated>
		<difficult>0</difficult>
		<bndbox>
			<xmin>942</xmin>
			<ymin>94</ymin>
			<xmax>954</xmax>
			<ymax>112</ymax>
		</bndbox>
	</object>
	<object>
    <name>person</name>
		<pose>Unspecified</pose>
		<truncated>0</truncated>
		<difficult>0</difficult>
		<bndbox>
			<xmin>891</xmin>
			<ymin>134</ymin>
			<xmax>912</xmax>
			<ymax>156</ymax>
		</bndbox>
	</object>
	<object>
    <name>person</name>
		<pose>Unspecified</pose>
		<truncated>0</truncated>
		<difficult>0</difficult>
		<bndbox>
			<xmin>827</xmin>
			<ymin>96</ymin>
			<xmax>840</xmax>
			<ymax>113</ymax>
		</bndbox>
	</object>
	<object>
    <name>person</name>
		<pose>Unspecified</pose>
		<truncated>0</truncated>
		<difficult>0</difficult>
		<bndbox>
			<xmin>663</xmin>
			<ymin>73</ymin>
			<xmax>675</xmax>
			<ymax>90</ymax>
		</bndbox>
	</object>
	<object>
    <name>person</name>
		<pose>Unspecified</pose>
		<truncated>0</truncated>
		<difficult>0</difficult>
		<bndbox>
			<xmin>611</xmin>
			<ymin>127</ymin>
			<xmax>635</xmax>
			<ymax>160</ymax>
		</bndbox>
	</object>
	<object>
    <name>person</name>
		<pose>Unspecified</pose>
		<truncated>0</truncated>
		<difficult>0</difficult>
		<bndbox>
			<xmin>387</xmin>
			<ymin>133</ymin>
			<xmax>407</xmax>
			<ymax>154</ymax>
		</bndbox>
	</object>
	<object>
    <name>person</name>
		<pose>Unspecified</pose>
		<truncated>0</truncated>
		<difficult>0</difficult>
		<bndbox>
			<xmin>527</xmin>
			<ymin>77</ymin>
			<xmax>544</xmax>
			<ymax>93</ymax>
		</bndbox>
	</object>
	<object>
    <name>person</name>
		<pose>Unspecified</pose>
		<truncated>0</truncated>
		<difficult>0</difficult>
		<bndbox>
			<xmin>467</xmin>
			<ymin>76</ymin>
			<xmax>482</xmax>
			<ymax>90</ymax>
		</bndbox>
	</object>
	<object>
    <name>person</name>
		<pose>Unspecified</pose>
		<truncated>0</truncated>
		<difficult>0</difficult>
		<bndbox>
			<xmin>607</xmin>
			<ymin>81</ymin>
			<xmax>620</xmax>
			<ymax>100</ymax>
		</bndbox>
	</object>
</annotation>
