<annotation>
	<folder>tmp</folder>
	<filename>part2_001242.jpg</filename>
	<path>H:\dataset\0730_2\0730\tmp\part2_001242.jpg</path>
	<source>
		<database>Unknown</database>
	</source>
	<size>
		<width>960</width>
		<height>770</height>
		<depth>3</depth>
	</size>
	<segmented>0</segmented>
	<object>
		<name>hat</name>
		<pose>Unspecified</pose>
		<truncated>0</truncated>
		<difficult>0</difficult>
		<bndbox>
			<xmin>306</xmin>
			<ymin>75</ymin>
			<xmax>588</xmax>
			<ymax>432</ymax>
		</bndbox>
	</object>
	<object>
		<name>hat</name>
		<pose>Unspecified</pose>
		<truncated>0</truncated>
		<difficult>0</difficult>
		<bndbox>
			<xmin>80</xmin>
			<ymin>5</ymin>
			<xmax>271</xmax>
			<ymax>201</ymax>
		</bndbox>
	</object>
</annotation>
