<annotation>
	<folder>tmp</folder>
	<filename>part2_001831.jpg</filename>
	<path>C:\learning\hat\0731\0730_2\0730\tmp\part2_001831.jpg</path>
	<source>
		<database>Unknown</database>
	</source>
	<size>
		<width>483</width>
		<height>456</height>
		<depth>3</depth>
	</size>
	<segmented>0</segmented>
	<object>
		<name>hat</name>
		<pose>Unspecified</pose>
		<truncated>0</truncated>
		<difficult>0</difficult>
		<bndbox>
			<xmin>179</xmin>
			<ymin>4</ymin>
			<xmax>345</xmax>
			<ymax>220</ymax>
		</bndbox>
	</object>
</annotation>
