<annotation>
	<folder>tmp</folder>
	<filename>part2_000369.jpg</filename>
	<path>C:\learning\hat\0730\tmp\part2_000369.jpg</path>
	<source>
		<database>Unknown</database>
	</source>
	<size>
		<width>2917</width>
		<height>1667</height>
		<depth>3</depth>
	</size>
	<segmented>0</segmented>
	<object>
		<name>hat</name>
		<pose>Unspecified</pose>
		<truncated>0</truncated>
		<difficult>0</difficult>
		<bndbox>
			<xmin>1396</xmin>
			<ymin>288</ymin>
			<xmax>2077</xmax>
			<ymax>1237</ymax>
		</bndbox>
	</object>
	<object>
		<name>hat</name>
		<pose>Unspecified</pose>
		<truncated>0</truncated>
		<difficult>0</difficult>
		<bndbox>
			<xmin>989</xmin>
			<ymin>333</ymin>
			<xmax>1638</xmax>
			<ymax>1550</ymax>
		</bndbox>
	</object>
	<object>
		<name>hat</name>
		<pose>Unspecified</pose>
		<truncated>0</truncated>
		<difficult>0</difficult>
		<bndbox>
			<xmin>217</xmin>
			<ymin>248</ymin>
			<xmax>1238</xmax>
			<ymax>1523</ymax>
		</bndbox>
	</object>
	<object>
		<name>hat</name>
		<pose>Unspecified</pose>
		<truncated>0</truncated>
		<difficult>0</difficult>
		<bndbox>
			<xmin>1773</xmin>
			<ymin>91</ymin>
			<xmax>2445</xmax>
			<ymax>1027</ymax>
		</bndbox>
	</object>
</annotation>
