<annotation>
	<folder>tmp</folder>
	<filename>part2_001317.jpg</filename>
	<path>H:\dataset\0730_2\0730\tmp\part2_001317.jpg</path>
	<source>
		<database>Unknown</database>
	</source>
	<size>
		<width>1450</width>
		<height>539</height>
		<depth>3</depth>
	</size>
	<segmented>0</segmented>
	<object>
		<name>hat</name>
		<pose>Unspecified</pose>
		<truncated>1</truncated>
		<difficult>0</difficult>
		<bndbox>
			<xmin>554</xmin>
			<ymin>1</ymin>
			<xmax>776</xmax>
			<ymax>229</ymax>
		</bndbox>
	</object>
</annotation>
