<annotation>
	<folder>tmp</folder>
	<filename>part2_002079.jpg</filename>
	<path>D:\study\project\label_hat\dataset\0731\tmp\part2_002079.jpg</path>
	<source>
		<database>Unknown</database>
	</source>
	<size>
		<width>1165</width>
		<height>775</height>
		<depth>3</depth>
	</size>
	<segmented>0</segmented>
	<object>
		<name>hat</name>
		<pose>Unspecified</pose>
		<truncated>0</truncated>
		<difficult>0</difficult>
		<bndbox>
			<xmin>736</xmin>
			<ymin>151</ymin>
			<xmax>937</xmax>
			<ymax>350</ymax>
		</bndbox>
	</object>
	<object>
		<name>hat</name>
		<pose>Unspecified</pose>
		<truncated>0</truncated>
		<difficult>0</difficult>
		<bndbox>
			<xmin>695</xmin>
			<ymin>117</ymin>
			<xmax>840</xmax>
			<ymax>280</ymax>
		</bndbox>
	</object>
	<object>
		<name>hat</name>
		<pose>Unspecified</pose>
		<truncated>0</truncated>
		<difficult>0</difficult>
		<bndbox>
			<xmin>282</xmin>
			<ymin>57</ymin>
			<xmax>461</xmax>
			<ymax>248</ymax>
		</bndbox>
	</object>
</annotation>
