<annotation>
	<folder>tmp</folder>
	<filename>part2_000386.jpg</filename>
	<path>C:\learning\hat\0730\tmp\part2_000386.jpg</path>
	<source>
		<database>Unknown</database>
	</source>
	<size>
		<width>400</width>
		<height>400</height>
		<depth>3</depth>
	</size>
	<segmented>0</segmented>
	<object>
		<name>hat</name>
		<pose>Unspecified</pose>
		<truncated>0</truncated>
		<difficult>0</difficult>
		<bndbox>
			<xmin>84</xmin>
			<ymin>51</ymin>
			<xmax>172</xmax>
			<ymax>179</ymax>
		</bndbox>
	</object>
	<object>
		<name>hat</name>
		<pose>Unspecified</pose>
		<truncated>0</truncated>
		<difficult>0</difficult>
		<bndbox>
			<xmin>198</xmin>
			<ymin>8</ymin>
			<xmax>302</xmax>
			<ymax>147</ymax>
		</bndbox>
	</object>
</annotation>
