<annotation>
	<folder>750-999</folder>
	<filename>916.jpg</filename>
	<path>/media/zrcai/study/lab/0818data/750-999/750-999/916.jpg</path>
	<source>
		<database>Unknown</database>
	</source>
	<size>
		<width>1005</width>
		<height>582</height>
		<depth>3</depth>
	</size>
	<segmented>0</segmented>
	<object>
    <name>person</name>
		<pose>Unspecified</pose>
		<truncated>0</truncated>
		<difficult>0</difficult>
		<bndbox>
			<xmin>747</xmin>
			<ymin>92</ymin>
			<xmax>763</xmax>
			<ymax>111</ymax>
		</bndbox>
	</object>
</annotation>
