<annotation>
	<folder>500-749</folder>
	<filename>622.jpg</filename>
	<path>/home/shirley/biaozhu/labelImg-master/labelImg-master/500-749/622.jpg</path>
	<source>
		<database>Unknown</database>
	</source>
	<size>
		<width>1078</width>
		<height>613</height>
		<depth>3</depth>
	</size>
	<segmented>0</segmented>
	<object>
    <name>person</name>
		<pose>Unspecified</pose>
		<truncated>0</truncated>
		<difficult>0</difficult>
		<bndbox>
			<xmin>64</xmin>
			<ymin>180</ymin>
			<xmax>93</xmax>
			<ymax>221</ymax>
		</bndbox>
	</object>
	<object>
    <name>person</name>
		<pose>Unspecified</pose>
		<truncated>0</truncated>
		<difficult>0</difficult>
		<bndbox>
			<xmin>60</xmin>
			<ymin>234</ymin>
			<xmax>119</xmax>
			<ymax>298</ymax>
		</bndbox>
	</object>
	<object>
    <name>person</name>
		<pose>Unspecified</pose>
		<truncated>0</truncated>
		<difficult>0</difficult>
		<bndbox>
			<xmin>214</xmin>
			<ymin>156</ymin>
			<xmax>244</xmax>
			<ymax>197</ymax>
		</bndbox>
	</object>
	<object>
    <name>person</name>
		<pose>Unspecified</pose>
		<truncated>0</truncated>
		<difficult>0</difficult>
		<bndbox>
			<xmin>276</xmin>
			<ymin>103</ymin>
			<xmax>296</xmax>
			<ymax>129</ymax>
		</bndbox>
	</object>
	<object>
    <name>person</name>
		<pose>Unspecified</pose>
		<truncated>0</truncated>
		<difficult>0</difficult>
		<bndbox>
			<xmin>439</xmin>
			<ymin>159</ymin>
			<xmax>468</xmax>
			<ymax>197</ymax>
		</bndbox>
	</object>
	<object>
    <name>person</name>
		<pose>Unspecified</pose>
		<truncated>0</truncated>
		<difficult>0</difficult>
		<bndbox>
			<xmin>526</xmin>
			<ymin>168</ymin>
			<xmax>555</xmax>
			<ymax>197</ymax>
		</bndbox>
	</object>
</annotation>
