<annotation verified="yes">
	<folder>待标注图片</folder>
	<filename>01089.jpg</filename>
	<path>C:\Users\Administrator\Desktop\labellmg\图片标注\待标注图片\01089.jpg</path>
	<source>
		<database>Unknown</database>
	</source>
	<size>
		<width>1007</width>
		<height>587</height>
		<depth>3</depth>
	</size>
	<segmented>0</segmented>
	<object>
		<name>person</name>
		<pose>Unspecified</pose>
		<truncated>0</truncated>
		<difficult>0</difficult>
		<bndbox>
			<xmin>491</xmin>
			<ymin>164</ymin>
			<xmax>518</xmax>
			<ymax>194</ymax>
		</bndbox>
	</object>
	<object>
		<name>person</name>
		<pose>Unspecified</pose>
		<truncated>0</truncated>
		<difficult>0</difficult>
		<bndbox>
			<xmin>569</xmin>
			<ymin>166</ymin>
			<xmax>592</xmax>
			<ymax>194</ymax>
		</bndbox>
	</object>
</annotation>
