<annotation>
	<folder>tmp</folder>
	<filename>part2_002213.jpg</filename>
	<path>D:\study\project\label_hat\dataset\0731\tmp\part2_002213.jpg</path>
	<source>
		<database>Unknown</database>
	</source>
	<size>
		<width>1500</width>
		<height>1348</height>
		<depth>3</depth>
	</size>
	<segmented>0</segmented>
	<object>
		<name>hat</name>
		<pose>Unspecified</pose>
		<truncated>0</truncated>
		<difficult>0</difficult>
		<bndbox>
			<xmin>753</xmin>
			<ymin>263</ymin>
			<xmax>926</xmax>
			<ymax>479</ymax>
		</bndbox>
	</object>
	<object>
		<name>hat</name>
		<pose>Unspecified</pose>
		<truncated>0</truncated>
		<difficult>0</difficult>
		<bndbox>
			<xmin>684</xmin>
			<ymin>117</ymin>
			<xmax>809</xmax>
			<ymax>239</ymax>
		</bndbox>
	</object>
	<object>
		<name>hat</name>
		<pose>Unspecified</pose>
		<truncated>0</truncated>
		<difficult>0</difficult>
		<bndbox>
			<xmin>460</xmin>
			<ymin>563</ymin>
			<xmax>702</xmax>
			<ymax>800</ymax>
		</bndbox>
	</object>
</annotation>
