<annotation>
	<folder>tmp</folder>
	<filename>part2_001057.jpg</filename>
	<path>H:\dataset\0730_2\0730\tmp\part2_001057.jpg</path>
	<source>
		<database>Unknown</database>
	</source>
	<size>
		<width>4032</width>
		<height>3024</height>
		<depth>3</depth>
	</size>
	<segmented>0</segmented>
	<object>
		<name>hat</name>
		<pose>Unspecified</pose>
		<truncated>0</truncated>
		<difficult>0</difficult>
		<bndbox>
			<xmin>2159</xmin>
			<ymin>613</ymin>
			<xmax>2491</xmax>
			<ymax>1114</ymax>
		</bndbox>
	</object>
	<object>
		<name>hat</name>
		<pose>Unspecified</pose>
		<truncated>0</truncated>
		<difficult>0</difficult>
		<bndbox>
			<xmin>3043</xmin>
			<ymin>609</ymin>
			<xmax>3439</xmax>
			<ymax>1072</ymax>
		</bndbox>
	</object>
	<object>
		<name>hat</name>
		<pose>Unspecified</pose>
		<truncated>0</truncated>
		<difficult>0</difficult>
		<bndbox>
			<xmin>1249</xmin>
			<ymin>603</ymin>
			<xmax>1623</xmax>
			<ymax>1101</ymax>
		</bndbox>
	</object>
	<object>
		<name>hat</name>
		<pose>Unspecified</pose>
		<truncated>0</truncated>
		<difficult>0</difficult>
		<bndbox>
			<xmin>295</xmin>
			<ymin>512</ymin>
			<xmax>688</xmax>
			<ymax>1005</ymax>
		</bndbox>
	</object>
</annotation>
