<annotation>
	<folder>500-749</folder>
	<filename>627.jpg</filename>
	<path>/home/shirley/biaozhu/labelImg-master/labelImg-master/500-749/627.jpg</path>
	<source>
		<database>Unknown</database>
	</source>
	<size>
		<width>1267</width>
		<height>712</height>
		<depth>3</depth>
	</size>
	<segmented>0</segmented>
	<object>
    <name>person</name>
		<pose>Unspecified</pose>
		<truncated>0</truncated>
		<difficult>0</difficult>
		<bndbox>
			<xmin>49</xmin>
			<ymin>224</ymin>
			<xmax>69</xmax>
			<ymax>243</ymax>
		</bndbox>
	</object>
	<object>
    <name>person</name>
		<pose>Unspecified</pose>
		<truncated>0</truncated>
		<difficult>0</difficult>
		<bndbox>
			<xmin>100</xmin>
			<ymin>215</ymin>
			<xmax>123</xmax>
			<ymax>238</ymax>
		</bndbox>
	</object>
	<object>
    <name>person</name>
		<pose>Unspecified</pose>
		<truncated>0</truncated>
		<difficult>0</difficult>
		<bndbox>
			<xmin>164</xmin>
			<ymin>208</ymin>
			<xmax>182</xmax>
			<ymax>227</ymax>
		</bndbox>
	</object>
</annotation>
