<annotation>
	<folder>750-999</folder>
	<filename>882.jpg</filename>
	<path>/media/zrcai/study/lab/0818data/750-999/750-999/882.jpg</path>
	<source>
		<database>Unknown</database>
	</source>
	<size>
		<width>1261</width>
		<height>708</height>
		<depth>3</depth>
	</size>
	<segmented>0</segmented>
	<object>
    <name>person</name>
		<pose>Unspecified</pose>
		<truncated>0</truncated>
		<difficult>0</difficult>
		<bndbox>
			<xmin>498</xmin>
			<ymin>179</ymin>
			<xmax>523</xmax>
			<ymax>202</ymax>
		</bndbox>
	</object>
</annotation>
