<annotation>
	<folder>tmp</folder>
	<filename>part2_002006.jpg</filename>
	<path>D:\study\project\label_hat\dataset\0731\tmp\part2_002006.jpg</path>
	<source>
		<database>Unknown</database>
	</source>
	<size>
		<width>1030</width>
		<height>539</height>
		<depth>3</depth>
	</size>
	<segmented>0</segmented>
	<object>
		<name>hat</name>
		<pose>Unspecified</pose>
		<truncated>0</truncated>
		<difficult>0</difficult>
		<bndbox>
			<xmin>646</xmin>
			<ymin>50</ymin>
			<xmax>817</xmax>
			<ymax>251</ymax>
		</bndbox>
	</object>
	<object>
		<name>hat</name>
		<pose>Unspecified</pose>
		<truncated>1</truncated>
		<difficult>0</difficult>
		<bndbox>
			<xmin>422</xmin>
			<ymin>1</ymin>
			<xmax>554</xmax>
			<ymax>206</ymax>
		</bndbox>
	</object>
</annotation>
