<annotation>
	<folder>tmp</folder>
	<filename>part2_001663.jpg</filename>
	<path>C:\learning\hat\0731\0730_2\0730\tmp\part2_001663.jpg</path>
	<source>
		<database>Unknown</database>
	</source>
	<size>
		<width>3413</width>
		<height>3413</height>
		<depth>3</depth>
	</size>
	<segmented>0</segmented>
	<object>
		<name>hat</name>
		<pose>Unspecified</pose>
		<truncated>0</truncated>
		<difficult>0</difficult>
		<bndbox>
			<xmin>1569</xmin>
			<ymin>991</ymin>
			<xmax>2372</xmax>
			<ymax>1776</ymax>
		</bndbox>
	</object>
	<object>
		<name>hat</name>
		<pose>Unspecified</pose>
		<truncated>0</truncated>
		<difficult>0</difficult>
		<bndbox>
			<xmin>1009</xmin>
			<ymin>899</ymin>
			<xmax>1665</xmax>
			<ymax>1713</ymax>
		</bndbox>
	</object>
	<object>
		<name>hat</name>
		<pose>Unspecified</pose>
		<truncated>0</truncated>
		<difficult>0</difficult>
		<bndbox>
			<xmin>161</xmin>
			<ymin>1725</ymin>
			<xmax>991</xmax>
			<ymax>2673</ymax>
		</bndbox>
	</object>
</annotation>
