<annotation>
	<folder>750-999</folder>
	<filename>986.jpg</filename>
	<path>/media/zrcai/study/lab/0818data/750-999/750-999/986.jpg</path>
	<source>
		<database>Unknown</database>
	</source>
	<size>
		<width>1042</width>
		<height>603</height>
		<depth>3</depth>
	</size>
	<segmented>0</segmented>
	<object>
    <name>person</name>
		<pose>Unspecified</pose>
		<truncated>0</truncated>
		<difficult>0</difficult>
		<bndbox>
			<xmin>228</xmin>
			<ymin>130</ymin>
			<xmax>251</xmax>
			<ymax>158</ymax>
		</bndbox>
	</object>
	<object>
    <name>person</name>
		<pose>Unspecified</pose>
		<truncated>0</truncated>
		<difficult>0</difficult>
		<bndbox>
			<xmin>944</xmin>
			<ymin>83</ymin>
			<xmax>957</xmax>
			<ymax>103</ymax>
		</bndbox>
	</object>
</annotation>
