<annotation>
	<folder>tmp</folder>
	<filename>part2_001246.jpg</filename>
	<path>H:\dataset\0730_2\0730\tmp\part2_001246.jpg</path>
	<source>
		<database>Unknown</database>
	</source>
	<size>
		<width>3123</width>
		<height>2082</height>
		<depth>3</depth>
	</size>
	<segmented>0</segmented>
	<object>
		<name>hat</name>
		<pose>Unspecified</pose>
		<truncated>0</truncated>
		<difficult>0</difficult>
		<bndbox>
			<xmin>210</xmin>
			<ymin>11</ymin>
			<xmax>1034</xmax>
			<ymax>857</ymax>
		</bndbox>
	</object>
	<object>
		<name>hat</name>
		<pose>Unspecified</pose>
		<truncated>1</truncated>
		<difficult>0</difficult>
		<bndbox>
			<xmin>2432</xmin>
			<ymin>285</ymin>
			<xmax>3123</xmax>
			<ymax>1007</ymax>
		</bndbox>
	</object>
</annotation>
