<annotation>
	<folder>500pic</folder>
	<filename>01904.jpg</filename>
	<path>C:\Users\Administrator\Desktop\500pic\500pic\01904.jpg</path>
	<source>
		<database>Unknown</database>
	</source>
	<size>
		<width>1079</width>
		<height>609</height>
		<depth>3</depth>
	</size>
	<segmented>0</segmented>
	<object>
		<name>person</name>
		<pose>Unspecified</pose>
		<truncated>0</truncated>
		<difficult>0</difficult>
		<bndbox>
			<xmin>163</xmin>
			<ymin>275</ymin>
			<xmax>225</xmax>
			<ymax>335</ymax>
		</bndbox>
	</object>
</annotation>
