<annotation>
	<folder>tmp</folder>
	<filename>part2_002156.jpg</filename>
	<path>D:\study\project\label_hat\dataset\0731\tmp\part2_002156.jpg</path>
	<source>
		<database>Unknown</database>
	</source>
	<size>
		<width>1029</width>
		<height>1300</height>
		<depth>3</depth>
	</size>
	<segmented>0</segmented>
	<object>
		<name>hat</name>
		<pose>Unspecified</pose>
		<truncated>0</truncated>
		<difficult>0</difficult>
		<bndbox>
			<xmin>413</xmin>
			<ymin>148</ymin>
			<xmax>602</xmax>
			<ymax>404</ymax>
		</bndbox>
	</object>
</annotation>
