<annotation>
	<folder>750-999</folder>
	<filename>836.jpg</filename>
	<path>/media/zrcai/study/lab/0818data/750-999/750-999/836.jpg</path>
	<source>
		<database>Unknown</database>
	</source>
	<size>
		<width>911</width>
		<height>518</height>
		<depth>3</depth>
	</size>
	<segmented>0</segmented>
	<object>
    <name>person</name>
		<pose>Unspecified</pose>
		<truncated>0</truncated>
		<difficult>0</difficult>
		<bndbox>
			<xmin>300</xmin>
			<ymin>108</ymin>
			<xmax>316</xmax>
			<ymax>127</ymax>
		</bndbox>
	</object>
	<object>
    <name>person</name>
		<pose>Unspecified</pose>
		<truncated>0</truncated>
		<difficult>0</difficult>
		<bndbox>
			<xmin>382</xmin>
			<ymin>83</ymin>
			<xmax>403</xmax>
			<ymax>108</ymax>
		</bndbox>
	</object>
</annotation>
