<annotation>
	<folder>500pic</folder>
	<filename>01505.jpg</filename>
	<path>C:\Users\Administrator\Desktop\500pic\500pic\01505.jpg</path>
	<source>
		<database>Unknown</database>
	</source>
	<size>
		<width>916</width>
		<height>517</height>
		<depth>3</depth>
	</size>
	<segmented>0</segmented>
	<object>
		<name>person</name>
		<pose>Unspecified</pose>
		<truncated>0</truncated>
		<difficult>0</difficult>
		<bndbox>
			<xmin>212</xmin>
			<ymin>100</ymin>
			<xmax>234</xmax>
			<ymax>123</ymax>
		</bndbox>
	</object>
	<object>
		<name>person</name>
		<pose>Unspecified</pose>
		<truncated>0</truncated>
		<difficult>0</difficult>
		<bndbox>
			<xmin>800</xmin>
			<ymin>70</ymin>
			<xmax>812</xmax>
			<ymax>89</ymax>
		</bndbox>
	</object>
</annotation>
