<annotation>
	<folder>tmp</folder>
	<filename>part2_000365.jpg</filename>
	<path>C:\learning\hat\0730\tmp\part2_000365.jpg</path>
	<source>
		<database>Unknown</database>
	</source>
	<size>
		<width>5760</width>
		<height>3840</height>
		<depth>3</depth>
	</size>
	<segmented>0</segmented>
	<object>
		<name>hat</name>
		<pose>Unspecified</pose>
		<truncated>0</truncated>
		<difficult>0</difficult>
		<bndbox>
			<xmin>521</xmin>
			<ymin>307</ymin>
			<xmax>2171</xmax>
			<ymax>2253</ymax>
		</bndbox>
	</object>
	<object>
		<name>hat</name>
		<pose>Unspecified</pose>
		<truncated>0</truncated>
		<difficult>0</difficult>
		<bndbox>
			<xmin>1887</xmin>
			<ymin>44</ymin>
			<xmax>3308</xmax>
			<ymax>1894</ymax>
		</bndbox>
	</object>
</annotation>
