<annotation>
	<folder>250-499</folder>
	<filename>257.jpg</filename>
	<path>/home/pengdezhi/数据标注/250-499/257.jpg</path>
	<source>
		<database>Unknown</database>
	</source>
	<size>
		<width>1243</width>
		<height>723</height>
		<depth>3</depth>
	</size>
	<segmented>0</segmented>
	<object>
    <name>person</name>
		<pose>Unspecified</pose>
		<truncated>0</truncated>
		<difficult>0</difficult>
		<bndbox>
			<xmin>1002</xmin>
			<ymin>254</ymin>
			<xmax>1040</xmax>
			<ymax>313</ymax>
		</bndbox>
	</object>
</annotation>
