<annotation>
	<folder>tmp</folder>
	<filename>part2_001986.jpg</filename>
	<path>D:\study\project\label_hat\dataset\0731\tmp\part2_001986.jpg</path>
	<source>
		<database>Unknown</database>
	</source>
	<size>
		<width>1280</width>
		<height>720</height>
		<depth>3</depth>
	</size>
	<segmented>0</segmented>
	<object>
		<name>hat</name>
		<pose>Unspecified</pose>
		<truncated>0</truncated>
		<difficult>0</difficult>
		<bndbox>
			<xmin>613</xmin>
			<ymin>16</ymin>
			<xmax>1235</xmax>
			<ymax>598</ymax>
		</bndbox>
	</object>
</annotation>
