<annotation>
	<folder>tmp</folder>
	<filename>part2_001700.jpg</filename>
	<path>C:\learning\hat\0731\0730_2\0730\tmp\part2_001700.jpg</path>
	<source>
		<database>Unknown</database>
	</source>
	<size>
		<width>2917</width>
		<height>1667</height>
		<depth>3</depth>
	</size>
	<segmented>0</segmented>
	<object>
		<name>hat</name>
		<pose>Unspecified</pose>
		<truncated>0</truncated>
		<difficult>0</difficult>
		<bndbox>
			<xmin>1632</xmin>
			<ymin>342</ymin>
			<xmax>1858</xmax>
			<ymax>550</ymax>
		</bndbox>
	</object>
	<object>
		<name>hat</name>
		<pose>Unspecified</pose>
		<truncated>0</truncated>
		<difficult>0</difficult>
		<bndbox>
			<xmin>1160</xmin>
			<ymin>256</ymin>
			<xmax>1332</xmax>
			<ymax>486</ymax>
		</bndbox>
	</object>
	<object>
		<name>hat</name>
		<pose>Unspecified</pose>
		<truncated>0</truncated>
		<difficult>0</difficult>
		<bndbox>
			<xmin>845</xmin>
			<ymin>242</ymin>
			<xmax>1073</xmax>
			<ymax>499</ymax>
		</bndbox>
	</object>
</annotation>
