<annotation>
	<folder>tmp</folder>
	<filename>part2_000667.jpg</filename>
	<path>C:\learning\hat\0730\tmp\part2_000667.jpg</path>
	<source>
		<database>Unknown</database>
	</source>
	<size>
		<width>613</width>
		<height>477</height>
		<depth>3</depth>
	</size>
	<segmented>0</segmented>
	<object>
		<name>hat</name>
		<pose>Unspecified</pose>
		<truncated>0</truncated>
		<difficult>0</difficult>
		<bndbox>
			<xmin>126</xmin>
			<ymin>128</ymin>
			<xmax>223</xmax>
			<ymax>244</ymax>
		</bndbox>
	</object>
	<object>
		<name>hat</name>
		<pose>Unspecified</pose>
		<truncated>0</truncated>
		<difficult>0</difficult>
		<bndbox>
			<xmin>32</xmin>
			<ymin>80</ymin>
			<xmax>146</xmax>
			<ymax>228</ymax>
		</bndbox>
	</object>
	<object>
		<name>hat</name>
		<pose>Unspecified</pose>
		<truncated>0</truncated>
		<difficult>0</difficult>
		<bndbox>
			<xmin>260</xmin>
			<ymin>82</ymin>
			<xmax>426</xmax>
			<ymax>241</ymax>
		</bndbox>
	</object>
	<object>
		<name>hat</name>
		<pose>Unspecified</pose>
		<truncated>1</truncated>
		<difficult>0</difficult>
		<bndbox>
			<xmin>450</xmin>
			<ymin>2</ymin>
			<xmax>613</xmax>
			<ymax>149</ymax>
		</bndbox>
	</object>
</annotation>
