<annotation>
	<folder>pic</folder>
	<filename>00723.jpg</filename>
	<path>C:\Users\18214\Desktop\labelImg\pic\00723.jpg</path>
	<source>
		<database>Unknown</database>
	</source>
	<size>
		<width>1269</width>
		<height>713</height>
		<depth>3</depth>
	</size>
	<segmented>0</segmented>
	<object>
		<name>person</name>
		<pose>Unspecified</pose>
		<truncated>0</truncated>
		<difficult>0</difficult>
		<bndbox>
			<xmin>1123</xmin>
			<ymin>104</ymin>
			<xmax>1140</xmax>
			<ymax>126</ymax>
		</bndbox>
	</object>
</annotation>
