<annotation>
	<folder>1400-1499</folder>
	<filename>01414.jpg</filename>
	<path>C:\Users\Administrator\Desktop\1400-1499\1400-1499\01414.jpg</path>
	<source>
		<database>Unknown</database>
	</source>
	<size>
		<width>1255</width>
		<height>716</height>
		<depth>3</depth>
	</size>
	<segmented>0</segmented>
	<object>
		<name>person</name>
		<pose>Unspecified</pose>
		<truncated>0</truncated>
		<difficult>0</difficult>
		<bndbox>
			<xmin>479</xmin>
			<ymin>127</ymin>
			<xmax>511</xmax>
			<ymax>163</ymax>
		</bndbox>
	</object>
	<object>
		<name>person</name>
		<pose>Unspecified</pose>
		<truncated>0</truncated>
		<difficult>0</difficult>
		<bndbox>
			<xmin>556</xmin>
			<ymin>141</ymin>
			<xmax>585</xmax>
			<ymax>172</ymax>
		</bndbox>
	</object>
	<object>
		<name>person</name>
		<pose>Unspecified</pose>
		<truncated>0</truncated>
		<difficult>0</difficult>
		<bndbox>
			<xmin>514</xmin>
			<ymin>150</ymin>
			<xmax>539</xmax>
			<ymax>175</ymax>
		</bndbox>
	</object>
</annotation>
