<annotation>
	<folder>tmp</folder>
	<filename>part2_002101.jpg</filename>
	<path>D:\study\project\label_hat\dataset\0731\tmp\part2_002101.jpg</path>
	<source>
		<database>Unknown</database>
	</source>
	<size>
		<width>5184</width>
		<height>3456</height>
		<depth>3</depth>
	</size>
	<segmented>0</segmented>
	<object>
		<name>hat</name>
		<pose>Unspecified</pose>
		<truncated>0</truncated>
		<difficult>0</difficult>
		<bndbox>
			<xmin>3275</xmin>
			<ymin>1352</ymin>
			<xmax>3634</xmax>
			<ymax>1604</ymax>
		</bndbox>
	</object>
	<object>
		<name>hat</name>
		<pose>Unspecified</pose>
		<truncated>0</truncated>
		<difficult>0</difficult>
		<bndbox>
			<xmin>1075</xmin>
			<ymin>696</ymin>
			<xmax>1934</xmax>
			<ymax>1600</ymax>
		</bndbox>
	</object>
</annotation>
