<annotation>
	<folder>tmp</folder>
	<filename>part2_000649.jpg</filename>
	<path>C:\learning\hat\0730\tmp\part2_000649.jpg</path>
	<source>
		<database>Unknown</database>
	</source>
	<size>
		<width>870</width>
		<height>490</height>
		<depth>3</depth>
	</size>
	<segmented>0</segmented>
	<object>
		<name>hat</name>
		<pose>Unspecified</pose>
		<truncated>0</truncated>
		<difficult>0</difficult>
		<bndbox>
			<xmin>411</xmin>
			<ymin>13</ymin>
			<xmax>529</xmax>
			<ymax>164</ymax>
		</bndbox>
	</object>
	<object>
		<name>hat</name>
		<pose>Unspecified</pose>
		<truncated>1</truncated>
		<difficult>0</difficult>
		<bndbox>
			<xmin>177</xmin>
			<ymin>1</ymin>
			<xmax>348</xmax>
			<ymax>163</ymax>
		</bndbox>
	</object>
</annotation>
