<annotation>
	<folder>tmp</folder>
	<filename>part2_000400.jpg</filename>
	<path>C:\learning\hat\0730\tmp\part2_000400.jpg</path>
	<source>
		<database>Unknown</database>
	</source>
	<size>
		<width>1500</width>
		<height>1500</height>
		<depth>3</depth>
	</size>
	<segmented>0</segmented>
	<object>
		<name>hat</name>
		<pose>Unspecified</pose>
		<truncated>0</truncated>
		<difficult>0</difficult>
		<bndbox>
			<xmin>591</xmin>
			<ymin>38</ymin>
			<xmax>932</xmax>
			<ymax>433</ymax>
		</bndbox>
	</object>
</annotation>
