<annotation>
	<folder>tmp</folder>
	<filename>part2_000946.jpg</filename>
	<path>C:\learning\hat\0730\tmp\part2_000946.jpg</path>
	<source>
		<database>Unknown</database>
	</source>
	<size>
		<width>700</width>
		<height>394</height>
		<depth>3</depth>
	</size>
	<segmented>0</segmented>
	<object>
		<name>hat</name>
		<pose>Unspecified</pose>
		<truncated>0</truncated>
		<difficult>0</difficult>
		<bndbox>
			<xmin>313</xmin>
			<ymin>56</ymin>
			<xmax>426</xmax>
			<ymax>197</ymax>
		</bndbox>
	</object>
</annotation>
