<annotation>
	<folder>tmp</folder>
	<filename>part2_000152.jpg</filename>
	<path>C:\learning\hat\0730\tmp\part2_000152.jpg</path>
	<source>
		<database>Unknown</database>
	</source>
	<size>
		<width>1300</width>
		<height>867</height>
		<depth>3</depth>
	</size>
	<segmented>0</segmented>
	<object>
		<name>hat</name>
		<pose>Unspecified</pose>
		<truncated>0</truncated>
		<difficult>0</difficult>
		<bndbox>
			<xmin>803</xmin>
			<ymin>7</ymin>
			<xmax>1019</xmax>
			<ymax>330</ymax>
		</bndbox>
	</object>
</annotation>
